-- MySQL dump 10.13  Distrib 5.5.46, for debian-linux-gnu (x86_64)
--
-- Host: 172.17.0.2    Database: seedsecurity
-- ------------------------------------------------------
-- Server version	5.7.9

/*!40101 SET @OLD_CHARACTER_SET_CLIENT=@@CHARACTER_SET_CLIENT */;
/*!40101 SET @OLD_CHARACTER_SET_RESULTS=@@CHARACTER_SET_RESULTS */;
/*!40101 SET @OLD_COLLATION_CONNECTION=@@COLLATION_CONNECTION */;
/*!40101 SET NAMES utf8 */;
/*!40103 SET @OLD_TIME_ZONE=@@TIME_ZONE */;
/*!40103 SET TIME_ZONE='+00:00' */;
/*!40014 SET @OLD_UNIQUE_CHECKS=@@UNIQUE_CHECKS, UNIQUE_CHECKS=0 */;
/*!40014 SET @OLD_FOREIGN_KEY_CHECKS=@@FOREIGN_KEY_CHECKS, FOREIGN_KEY_CHECKS=0 */;
/*!40101 SET @OLD_SQL_MODE=@@SQL_MODE, SQL_MODE='NO_AUTO_VALUE_ON_ZERO' */;
/*!40111 SET @OLD_SQL_NOTES=@@SQL_NOTES, SQL_NOTES=0 */;

--
-- Table structure for table `sys_area`
--

DROP TABLE IF EXISTS `sys_area`;
/*!40101 SET @saved_cs_client     = @@character_set_client */;
/*!40101 SET character_set_client = utf8 */;
CREATE TABLE `sys_area` (
  `id` varchar(64) NOT NULL COMMENT '编号',
  `parent_id` varchar(64) NOT NULL COMMENT '父级编号',
  `parent_ids` varchar(2000) NOT NULL COMMENT '所有父级编号',
  `name` varchar(100) NOT NULL COMMENT '名称',
  `sort` decimal(10,0) NOT NULL COMMENT '排序',
  `code` varchar(100) DEFAULT NULL COMMENT '区域编码',
  `type` char(1) DEFAULT NULL COMMENT '区域类型',
  `create_by` varchar(64) NOT NULL COMMENT '创建者',
  `create_date` datetime NOT NULL COMMENT '创建时间',
  `update_by` varchar(64) NOT NULL COMMENT '更新者',
  `update_date` datetime NOT NULL COMMENT '更新时间',
  `remarks` varchar(255) DEFAULT NULL COMMENT '备注信息',
  `del_flag` char(1) NOT NULL DEFAULT '0' COMMENT '删除标记',
  PRIMARY KEY (`id`),
  KEY `sys_area_parent_id` (`parent_id`),
  KEY `sys_area_del_flag` (`del_flag`)
) ENGINE=InnoDB DEFAULT CHARSET=utf8 COMMENT='区域表';
/*!40101 SET character_set_client = @saved_cs_client */;

--
-- Dumping data for table `sys_area`
--

LOCK TABLES `sys_area` WRITE;
/*!40000 ALTER TABLE `sys_area` DISABLE KEYS */;
INSERT INTO `sys_area` VALUES ('1','0','0,','中国',10,'100000','1','1','2013-05-27 08:00:00','1','2013-05-27 08:00:00',NULL,'0'),('2','1','0,1,','山东省',20,'110000','2','1','2013-05-27 08:00:00','1','2013-05-27 08:00:00',NULL,'0'),('3','2','0,1,2,','济南市',30,'110101','3','1','2013-05-27 08:00:00','1','2013-05-27 08:00:00',NULL,'0'),('4','3','0,1,2,3,','历城区',40,'110102','4','1','2013-05-27 08:00:00','1','2013-05-27 08:00:00',NULL,'0'),('5','3','0,1,2,3,','历下区',50,'110104','4','1','2013-05-27 08:00:00','1','2013-05-27 08:00:00',NULL,'0'),('6','3','0,1,2,3,','高新区',60,'110105','4','1','2013-05-27 08:00:00','1','2013-05-27 08:00:00',NULL,'0');
/*!40000 ALTER TABLE `sys_area` ENABLE KEYS */;
UNLOCK TABLES;

--
-- Table structure for table `sys_dict`
--

DROP TABLE IF EXISTS `sys_dict`;
/*!40101 SET @saved_cs_client     = @@character_set_client */;
/*!40101 SET character_set_client = utf8 */;
CREATE TABLE `sys_dict` (
  `id` varchar(64) NOT NULL COMMENT '编号',
  `value` varchar(100) NOT NULL COMMENT '数据值',
  `label` varchar(100) NOT NULL COMMENT '标签名',
  `type` varchar(100) NOT NULL COMMENT '类型',
  `description` varchar(100) NOT NULL COMMENT '描述',
  `sort` decimal(10,0) NOT NULL COMMENT '排序（升序）',
  `parent_id` varchar(64) DEFAULT '0' COMMENT '父级编号',
  `create_by` varchar(64) NOT NULL COMMENT '创建者',
  `create_date` datetime NOT NULL COMMENT '创建时间',
  `update_by` varchar(64) NOT NULL COMMENT '更新者',
  `update_date` datetime NOT NULL COMMENT '更新时间',
  `remarks` varchar(255) DEFAULT NULL COMMENT '备注信息',
  `del_flag` char(1) NOT NULL DEFAULT '0' COMMENT '删除标记',
  PRIMARY KEY (`id`),
  KEY `sys_dict_value` (`value`),
  KEY `sys_dict_label` (`label`),
  KEY `sys_dict_del_flag` (`del_flag`)
) ENGINE=InnoDB DEFAULT CHARSET=utf8 COMMENT='字典表';
/*!40101 SET character_set_client = @saved_cs_client */;

--
-- Dumping data for table `sys_dict`
--

LOCK TABLES `sys_dict` WRITE;
/*!40000 ALTER TABLE `sys_dict` DISABLE KEYS */;
INSERT INTO `sys_dict` VALUES ('1','0','正常','del_flag','删除标记',10,'0','1','2013-05-27 08:00:00','1','2013-05-27 08:00:00',NULL,'0'),('10','yellow','黄色','color','颜色值',40,'0','1','2013-05-27 08:00:00','1','2013-05-27 08:00:00',NULL,'0'),('100','java.util.Date','Date','gen_java_type','Java类型\0\0',50,'0','1','2013-10-28 08:00:00','1','2013-10-28 08:00:00',NULL,'1'),('101','com.thinkgem.jeesite.modules.sys.entity.User','User','gen_java_type','Java类型\0\0',60,'0','1','2013-10-28 08:00:00','1','2013-10-28 08:00:00',NULL,'1'),('102','com.thinkgem.jeesite.modules.sys.entity.Office','Office','gen_java_type','Java类型\0\0',70,'0','1','2013-10-28 08:00:00','1','2013-10-28 08:00:00',NULL,'1'),('103','com.thinkgem.jeesite.modules.sys.entity.Area','Area','gen_java_type','Java类型\0\0',80,'0','1','2013-10-28 08:00:00','1','2013-10-28 08:00:00',NULL,'1'),('104','Custom','Custom','gen_java_type','Java类型\0\0',90,'0','1','2013-10-28 08:00:00','1','2013-10-28 08:00:00',NULL,'1'),('105','1','会议通告\0\0\0\0','oa_notify_type','通知通告类型',10,'0','1','2013-11-08 08:00:00','1','2013-11-08 08:00:00',NULL,'0'),('106','2','奖惩通告\0\0\0\0','oa_notify_type','通知通告类型',20,'0','1','2013-11-08 08:00:00','1','2013-11-08 08:00:00',NULL,'0'),('107','3','活动通告\0\0\0\0','oa_notify_type','通知通告类型',30,'0','1','2013-11-08 08:00:00','1','2013-11-08 08:00:00',NULL,'0'),('108','0','草稿','oa_notify_status','通知通告状态',10,'0','1','2013-11-08 08:00:00','1','2013-11-08 08:00:00',NULL,'0'),('109','1','发布','oa_notify_status','通知通告状态',20,'0','1','2013-11-08 08:00:00','1','2013-11-08 08:00:00',NULL,'0'),('11','orange','橙色','color','颜色值',50,'0','1','2013-05-27 08:00:00','1','2013-05-27 08:00:00',NULL,'0'),('110','0','未读','oa_notify_read','通知通告状态',10,'0','1','2013-11-08 08:00:00','1','2013-11-08 08:00:00',NULL,'0'),('111','1','已读','oa_notify_read','通知通告状态',20,'0','1','2013-11-08 08:00:00','1','2013-11-08 08:00:00',NULL,'0'),('12','default','默认主题','theme','主题方案',10,'0','1','2013-05-27 08:00:00','1','2013-05-27 08:00:00',NULL,'0'),('13','cerulean','天蓝主题','theme','主题方案',20,'0','1','2013-05-27 08:00:00','1','2013-05-27 08:00:00',NULL,'0'),('14','readable','橙色主题','theme','主题方案',30,'0','1','2013-05-27 08:00:00','1','2013-05-27 08:00:00',NULL,'0'),('15','united','红色主题','theme','主题方案',40,'0','1','2013-05-27 08:00:00','1','2013-05-27 08:00:00',NULL,'0'),('16','flat','Flat主题','theme','主题方案',60,'0','1','2013-05-27 08:00:00','1','2013-05-27 08:00:00',NULL,'0'),('17','1','国家','sys_area_type','区域类型',10,'0','1','2013-05-27 08:00:00','1','2013-05-27 08:00:00',NULL,'0'),('18','2','省份、直辖市','sys_area_type','区域类型',20,'0','1','2013-05-27 08:00:00','1','2013-05-27 08:00:00',NULL,'0'),('19','3','地市','sys_area_type','区域类型',30,'0','1','2013-05-27 08:00:00','1','2013-05-27 08:00:00',NULL,'0'),('2','1','删除','del_flag','删除标记',20,'0','1','2013-05-27 08:00:00','1','2013-05-27 08:00:00',NULL,'0'),('20','4','区县','sys_area_type','区域类型',40,'0','1','2013-05-27 08:00:00','1','2013-05-27 08:00:00',NULL,'0'),('21','1','公司','sys_office_type','机构类型',60,'0','1','2013-05-27 08:00:00','1','2013-05-27 08:00:00',NULL,'0'),('22','2','部门','sys_office_type','机构类型',70,'0','1','2013-05-27 08:00:00','1','2013-05-27 08:00:00',NULL,'0'),('23','3','小组','sys_office_type','机构类型',80,'0','1','2013-05-27 08:00:00','1','2013-05-27 08:00:00',NULL,'0'),('24','4','其它','sys_office_type','机构类型',90,'0','1','2013-05-27 08:00:00','1','2013-05-27 08:00:00',NULL,'0'),('25','1','综合部','sys_office_common','快捷通用部门',30,'0','1','2013-05-27 08:00:00','1','2013-05-27 08:00:00',NULL,'0'),('26','2','开发部','sys_office_common','快捷通用部门',40,'0','1','2013-05-27 08:00:00','1','2013-05-27 08:00:00',NULL,'0'),('27','3','人力部','sys_office_common','快捷通用部门',50,'0','1','2013-05-27 08:00:00','1','2013-05-27 08:00:00',NULL,'0'),('28','1','一级','sys_office_grade','机构等级',10,'0','1','2013-05-27 08:00:00','1','2013-05-27 08:00:00',NULL,'0'),('29','2','二级','sys_office_grade','机构等级',20,'0','1','2013-05-27 08:00:00','1','2013-05-27 08:00:00',NULL,'0'),('3','1','显示','show_hide','显示/隐藏',10,'0','1','2013-05-27 08:00:00','1','2013-05-27 08:00:00',NULL,'0'),('30','3','三级','sys_office_grade','机构等级',30,'0','1','2013-05-27 08:00:00','1','2013-05-27 08:00:00',NULL,'0'),('31','4','四级','sys_office_grade','机构等级',40,'0','1','2013-05-27 08:00:00','1','2013-05-27 08:00:00',NULL,'0'),('32','1','所有数据','sys_data_scope','数据范围',10,'0','1','2013-05-27 08:00:00','1','2013-05-27 08:00:00',NULL,'0'),('33','2','所在公司及以下数据','sys_data_scope','数据范围',20,'0','1','2013-05-27 08:00:00','1','2013-05-27 08:00:00',NULL,'0'),('34','3','所在公司数据','sys_data_scope','数据范围',30,'0','1','2013-05-27 08:00:00','1','2013-05-27 08:00:00',NULL,'0'),('35','4','所在部门及以下数据','sys_data_scope','数据范围',40,'0','1','2013-05-27 08:00:00','1','2013-05-27 08:00:00',NULL,'0'),('36','5','所在部门数据','sys_data_scope','数据范围',50,'0','1','2013-05-27 08:00:00','1','2013-05-27 08:00:00',NULL,'0'),('37','8','仅本人数据','sys_data_scope','数据范围',90,'0','1','2013-05-27 08:00:00','1','2013-05-27 08:00:00',NULL,'0'),('38','9','按明细设置','sys_data_scope','数据范围',100,'0','1','2013-05-27 08:00:00','1','2013-05-27 08:00:00',NULL,'0'),('39','1','系统管理','sys_user_type','用户类型',10,'0','1','2013-05-27 08:00:00','1','2013-05-27 08:00:00',NULL,'0'),('4','0','隐藏','show_hide','显示/隐藏',20,'0','1','2013-05-27 08:00:00','1','2013-05-27 08:00:00',NULL,'0'),('40','2','部门经理','sys_user_type','用户类型',20,'0','1','2013-05-27 08:00:00','1','2013-05-27 08:00:00',NULL,'0'),('41','3','普通用户','sys_user_type','用户类型',30,'0','1','2013-05-27 08:00:00','1','2013-05-27 08:00:00',NULL,'0'),('42','basic','基础主题','cms_theme','站点主题',10,'0','1','2013-05-27 08:00:00','1','2013-05-27 08:00:00',NULL,'0'),('43','blue','蓝色主题','cms_theme','站点主题',20,'0','1','2013-05-27 08:00:00','1','2013-05-27 08:00:00',NULL,'1'),('44','red','红色主题','cms_theme','站点主题',30,'0','1','2013-05-27 08:00:00','1','2013-05-27 08:00:00',NULL,'1'),('45','article','文章模型','cms_module','栏目模型',10,'0','1','2013-05-27 08:00:00','1','2013-05-27 08:00:00',NULL,'0'),('46','picture','图片模型','cms_module','栏目模型',20,'0','1','2013-05-27 08:00:00','1','2013-05-27 08:00:00',NULL,'1'),('47','download','下载模型','cms_module','栏目模型',30,'0','1','2013-05-27 08:00:00','1','2013-05-27 08:00:00',NULL,'1'),('48','link','链接模型','cms_module','栏目模型',40,'0','1','2013-05-27 08:00:00','1','2013-05-27 08:00:00',NULL,'0'),('49','special','专题模型','cms_module','栏目模型',50,'0','1','2013-05-27 08:00:00','1','2013-05-27 08:00:00',NULL,'1'),('5','1','是','yes_no','是/否',10,'0','1','2013-05-27 08:00:00','1','2013-05-27 08:00:00',NULL,'0'),('50','0','默认展现方式','cms_show_modes','展现方式',10,'0','1','2013-05-27 08:00:00','1','2013-05-27 08:00:00',NULL,'0'),('51','1','首栏目内容列表','cms_show_modes','展现方式',20,'0','1','2013-05-27 08:00:00','1','2013-05-27 08:00:00',NULL,'0'),('52','2','栏目第一条内容','cms_show_modes','展现方式',30,'0','1','2013-05-27 08:00:00','1','2013-05-27 08:00:00',NULL,'0'),('53','0','发布','cms_del_flag','内容状态',10,'0','1','2013-05-27 08:00:00','1','2013-05-27 08:00:00',NULL,'0'),('54','1','删除','cms_del_flag','内容状态',20,'0','1','2013-05-27 08:00:00','1','2013-05-27 08:00:00',NULL,'0'),('55','2','审核','cms_del_flag','内容状态',15,'0','1','2013-05-27 08:00:00','1','2013-05-27 08:00:00',NULL,'0'),('56','1','首页焦点图','cms_posid','推荐位',10,'0','1','2013-05-27 08:00:00','1','2013-05-27 08:00:00',NULL,'0'),('57','2','栏目页文章推荐','cms_posid','推荐位',20,'0','1','2013-05-27 08:00:00','1','2013-05-27 08:00:00',NULL,'0'),('58','1','咨询','cms_guestbook','留言板分类',10,'0','1','2013-05-27 08:00:00','1','2013-05-27 08:00:00',NULL,'0'),('59','2','建议','cms_guestbook','留言板分类',20,'0','1','2013-05-27 08:00:00','1','2013-05-27 08:00:00',NULL,'0'),('6','0','否','yes_no','是/否',20,'0','1','2013-05-27 08:00:00','1','2013-05-27 08:00:00',NULL,'0'),('60','3','投诉','cms_guestbook','留言板分类',30,'0','1','2013-05-27 08:00:00','1','2013-05-27 08:00:00',NULL,'0'),('61','4','其它','cms_guestbook','留言板分类',40,'0','1','2013-05-27 08:00:00','1','2013-05-27 08:00:00',NULL,'0'),('62','1','公休','oa_leave_type','请假类型',10,'0','1','2013-05-27 08:00:00','1','2013-05-27 08:00:00',NULL,'0'),('63','2','病假','oa_leave_type','请假类型',20,'0','1','2013-05-27 08:00:00','1','2013-05-27 08:00:00',NULL,'0'),('64','3','事假','oa_leave_type','请假类型',30,'0','1','2013-05-27 08:00:00','1','2013-05-27 08:00:00',NULL,'0'),('65','4','调休','oa_leave_type','请假类型',40,'0','1','2013-05-27 08:00:00','1','2013-05-27 08:00:00',NULL,'0'),('66','5','婚假','oa_leave_type','请假类型',60,'0','1','2013-05-27 08:00:00','1','2013-05-27 08:00:00',NULL,'0'),('67','1','接入日志','sys_log_type','日志类型',30,'0','1','2013-06-03 08:00:00','1','2013-06-03 08:00:00',NULL,'0'),('68','2','异常日志','sys_log_type','日志类型',40,'0','1','2013-06-03 08:00:00','1','2013-06-03 08:00:00',NULL,'0'),('69','leave','请假流程','act_type','流程类型',10,'0','1','2013-06-03 08:00:00','1','2013-06-03 08:00:00',NULL,'0'),('7','red','红色','color','颜色值',10,'0','1','2013-05-27 08:00:00','1','2013-05-27 08:00:00',NULL,'0'),('70','test_audit','审批测试流程','act_type','流程类型',20,'0','1','2013-06-03 08:00:00','1','2013-06-03 08:00:00',NULL,'0'),('71','1','分类1','act_category','流程分类',10,'0','1','2013-06-03 08:00:00','1','2013-06-03 08:00:00',NULL,'0'),('72','2','分类2','act_category','流程分类',20,'0','1','2013-06-03 08:00:00','1','2013-06-03 08:00:00',NULL,'0'),('73','crud','增删改查','gen_category','代码生成分类',10,'0','1','2013-10-28 08:00:00','1','2013-10-28 08:00:00',NULL,'1'),('74','crud_many','增删改查（包含从表）','gen_category','代码生成分类',20,'0','1','2013-10-28 08:00:00','1','2013-10-28 08:00:00',NULL,'1'),('75','tree','树结构','gen_category','代码生成分类',30,'0','1','2013-10-28 08:00:00','1','2013-10-28 08:00:00',NULL,'1'),('76','=','=','gen_query_type','查询方式',10,'0','1','2013-10-28 08:00:00','1','2013-10-28 08:00:00',NULL,'1'),('77','!=','!=','gen_query_type','查询方式',20,'0','1','2013-10-28 08:00:00','1','2013-10-28 08:00:00',NULL,'1'),('78','&gt;','&gt;','gen_query_type','查询方式',30,'0','1','2013-10-28 08:00:00','1','2013-10-28 08:00:00',NULL,'1'),('79','&lt;','&lt;','gen_query_type','查询方式',40,'0','1','2013-10-28 08:00:00','1','2013-10-28 08:00:00',NULL,'1'),('8','green','绿色','color','颜色值',20,'0','1','2013-05-27 08:00:00','1','2013-05-27 08:00:00',NULL,'0'),('80','between','Between','gen_query_type','查询方式',50,'0','1','2013-10-28 08:00:00','1','2013-10-28 08:00:00',NULL,'1'),('81','like','Like','gen_query_type','查询方式',60,'0','1','2013-10-28 08:00:00','1','2013-10-28 08:00:00',NULL,'1'),('82','left_like','Left Like','gen_query_type','查询方式',70,'0','1','2013-10-28 08:00:00','1','2013-10-28 08:00:00',NULL,'1'),('83','right_like','Right Like','gen_query_type','查询方式',80,'0','1','2013-10-28 08:00:00','1','2013-10-28 08:00:00',NULL,'1'),('84','input','文本框','gen_show_type','字段生成方案',10,'0','1','2013-10-28 08:00:00','1','2013-10-28 08:00:00',NULL,'1'),('85','textarea','文本域','gen_show_type','字段生成方案',20,'0','1','2013-10-28 08:00:00','1','2013-10-28 08:00:00',NULL,'1'),('86','select','下拉框','gen_show_type','字段生成方案',30,'0','1','2013-10-28 08:00:00','1','2013-10-28 08:00:00',NULL,'1'),('87','checkbox','复选框','gen_show_type','字段生成方案',40,'0','1','2013-10-28 08:00:00','1','2013-10-28 08:00:00',NULL,'1'),('88','radiobox','单选框','gen_show_type','字段生成方案',50,'0','1','2013-10-28 08:00:00','1','2013-10-28 08:00:00',NULL,'1'),('89','dateselect','日期选择','gen_show_type','字段生成方案',60,'0','1','2013-10-28 08:00:00','1','2013-10-28 08:00:00',NULL,'1'),('9','blue','蓝色','color','颜色值',30,'0','1','2013-05-27 08:00:00','1','2013-05-27 08:00:00',NULL,'0'),('90','userselect','人员选择\0','gen_show_type','字段生成方案',70,'0','1','2013-10-28 08:00:00','1','2013-10-28 08:00:00',NULL,'1'),('91','officeselect','部门选择','gen_show_type','字段生成方案',80,'0','1','2013-10-28 08:00:00','1','2013-10-28 08:00:00',NULL,'1'),('92','areaselect','区域选择','gen_show_type','字段生成方案',90,'0','1','2013-10-28 08:00:00','1','2013-10-28 08:00:00',NULL,'1'),('93','String','String','gen_java_type','Java类型',10,'0','1','2013-10-28 08:00:00','1','2013-10-28 08:00:00',NULL,'1'),('94','Long','Long','gen_java_type','Java类型',20,'0','1','2013-10-28 08:00:00','1','2013-10-28 08:00:00',NULL,'1'),('95','dao','仅持久层','gen_category','代码生成分类\0\0\0\0\0\0',40,'0','1','2013-10-28 08:00:00','1','2013-10-28 08:00:00',NULL,'1'),('96','1','男','sex','性别',10,'0','1','2013-10-28 08:00:00','1','2013-10-28 08:00:00',NULL,'0'),('97','2','女','sex','性别',20,'0','1','2013-10-28 08:00:00','1','2013-10-28 08:00:00',NULL,'0'),('98','Integer','Integer','gen_java_type','Java类型\0\0',30,'0','1','2013-10-28 08:00:00','1','2013-10-28 08:00:00',NULL,'1'),('99','Double','Double','gen_java_type','Java类型\0\0',40,'0','1','2013-10-28 08:00:00','1','2013-10-28 08:00:00',NULL,'1');
/*!40000 ALTER TABLE `sys_dict` ENABLE KEYS */;
UNLOCK TABLES;

--
-- Table structure for table `sys_log`
--

DROP TABLE IF EXISTS `sys_log`;
/*!40101 SET @saved_cs_client     = @@character_set_client */;
/*!40101 SET character_set_client = utf8 */;
CREATE TABLE `sys_log` (
  `id` varchar(64) NOT NULL COMMENT '编号',
  `type` char(1) DEFAULT '1' COMMENT '日志类型',
  `title` varchar(255) DEFAULT '' COMMENT '日志标题',
  `create_by` varchar(64) DEFAULT NULL COMMENT '创建者',
  `create_date` datetime DEFAULT NULL COMMENT '创建时间',
  `remote_addr` varchar(255) DEFAULT NULL COMMENT '操作IP地址',
  `user_agent` varchar(255) DEFAULT NULL COMMENT '用户代理',
  `request_uri` varchar(255) DEFAULT NULL COMMENT '请求URI',
  `method` varchar(5) DEFAULT NULL COMMENT '操作方式',
  `params` text COMMENT '操作提交的数据',
  `exception` text COMMENT '异常信息',
  PRIMARY KEY (`id`),
  KEY `sys_log_create_by` (`create_by`),
  KEY `sys_log_request_uri` (`request_uri`),
  KEY `sys_log_type` (`type`),
  KEY `sys_log_create_date` (`create_date`)
) ENGINE=InnoDB DEFAULT CHARSET=utf8 COMMENT='日志表';
/*!40101 SET character_set_client = @saved_cs_client */;

--
-- Dumping data for table `sys_log`
--

LOCK TABLES `sys_log` WRITE;
/*!40000 ALTER TABLE `sys_log` DISABLE KEYS */;
INSERT INTO `sys_log` VALUES ('005f376be94641fba72ebe5273c78a99','1','内容管理-行业资讯-行业内容','1','2016-04-29 16:20:53','127.0.0.1','Mozilla/5.0 (X11; Ubuntu; Linux x86_64; rv:43.0) Gecko/20100101 Firefox/43.0','/jeesite/a/statuses/jhiStatuses','GET','tabPageId=jerichotabiframe_2',''),('00a0769b992f4b3785396a1e2ef4529f','1','内容管理-内容管理','1','2016-05-03 15:03:24','127.0.0.1','Mozilla/5.0 (X11; Ubuntu; Linux x86_64; rv:43.0) Gecko/20100101 Firefox/43.0','/seedmng/a/cms/none','GET','',''),('014c2b1334ec4efc83a501083d0425fb','1','系统设置-系统设置-菜单管理','1','2016-04-29 15:03:38','127.0.0.1','Mozilla/5.0 (X11; Ubuntu; Linux x86_64; rv:43.0) Gecko/20100101 Firefox/43.0','/jeesite/a/sys/menu/','GET','',''),('01b674e2ed0944f49fcf489567f2a743','1','系统设置-系统设置-角色管理','1','2016-05-03 16:19:06','127.0.0.1','Mozilla/5.0 (X11; Ubuntu; Linux x86_64; rv:43.0) Gecko/20100101 Firefox/43.0','/seedmng/a/sys/role/','GET','repage=',''),('022152fb6d4b45c2abbf562daeca0173','1','系统设置-系统设置-角色管理','1','2016-05-03 16:20:30','127.0.0.1','Mozilla/5.0 (X11; Ubuntu; Linux x86_64; rv:43.0) Gecko/20100101 Firefox/43.0','/seedmng/a/sys/role/','GET','repage=',''),('02cbb7264ba3461bbf270579ad4c5f4f','1','内容管理-内容管理-内容发布','1','2016-05-03 13:13:11','127.0.0.1','Mozilla/5.0 (X11; Ubuntu; Linux x86_64; rv:43.0) Gecko/20100101 Firefox/43.0','/seedmng/a/cms/','GET','tabPageId=jerichotabiframe_1',''),('02e2358babe643b4943f8cef7e845ff1','1','系统设置-系统设置-角色管理-修改','1','2016-05-03 16:19:06','127.0.0.1','Mozilla/5.0 (X11; Ubuntu; Linux x86_64; rv:43.0) Gecko/20100101 Firefox/43.0','/seedmng/a/sys/role/delete','GET','id=5',''),('0306a7a7a32e4ebab170c4f17babfdce','1','在线办公-通知通告-我的通告','1','2016-05-05 10:33:51','127.0.0.1','Mozilla/5.0 (X11; Ubuntu; Linux x86_64; rv:43.0) Gecko/20100101 Firefox/43.0','/seedmng/a/oa/oaNotify/self','GET','tabPageId=jerichotabiframe_2',''),('0334a3e056374551ba044458a7429771','1','系统设置-机构用户-用户管理-查看','1','2016-04-29 15:26:41','127.0.0.1','Mozilla/5.0 (X11; Ubuntu; Linux x86_64; rv:43.0) Gecko/20100101 Firefox/43.0','/jeesite/a/sys/user/list','GET','',''),('033b3c55457548aca8c3facde38a32ae','1','系统设置-系统设置-菜单管理-查看','1','2016-04-29 15:25:34','127.0.0.1','Mozilla/5.0 (X11; Ubuntu; Linux x86_64; rv:43.0) Gecko/20100101 Firefox/43.0','/jeesite/a/sys/menu/form','GET','parent.id=8a5946ec80f44b4f8236d2c4e6b66610',''),('036e0aa5394f4e6da630b06affb7d52a','1','系统设置-系统设置-菜单管理','1','2016-05-05 17:10:00','127.0.0.1','Mozilla/5.0 (X11; Ubuntu; Linux x86_64; rv:43.0) Gecko/20100101 Firefox/43.0','/seedmng/a/sys/menu/','GET','',''),('04a9746d02d04419b7182be3ee926d29','1','我的面板-个人信息-个人信息','1','2016-04-29 14:41:15','127.0.0.1','Mozilla/5.0 (X11; Ubuntu; Linux x86_64; rv:43.0) Gecko/20100101 Firefox/43.0','/jeesite/a/sys/user/info','GET','tabPageId=jerichotabiframe_0',''),('05089c40b9264d4785f7cc1f748f7e9c','1','内容管理-行业资讯-行业内容','1','2016-05-03 11:00:34','127.0.0.1','Mozilla/5.0 (X11; Ubuntu; Linux x86_64; rv:43.0) Gecko/20100101 Firefox/43.0','/jeesite/a/statuses/jhiStatuses','GET','tabPageId=jerichotabiframe_2',''),('051f02d5de7540518166bb63c2a1d4d1','1','系统设置-系统设置-角色管理','1','2016-05-03 16:18:54','127.0.0.1','Mozilla/5.0 (X11; Ubuntu; Linux x86_64; rv:43.0) Gecko/20100101 Firefox/43.0','/seedmng/a/sys/role/','GET','tabPageId=jerichotabiframe_8',''),('055de7bfc61e4339998207e3e24c7f00','1','系统设置-机构用户-用户管理-查看','1','2016-05-05 17:14:37','127.0.0.1','Mozilla/5.0 (X11; Ubuntu; Linux x86_64; rv:43.0) Gecko/20100101 Firefox/43.0','/seedmng/a/sys/user/list','GET','',''),('05bd86ad67974e2fa0422034d418fadd','1','内容管理-行业资讯-行业内容-查看','942475a82d4c4d059191e32b5e17c207','2016-05-03 19:16:20','127.0.0.1','Mozilla/5.0 (X11; Ubuntu; Linux x86_64; rv:43.0) Gecko/20100101 Firefox/43.0','/seedmng/a/statuses/jhiStatuses/','GET','repage=',''),('05fc6386a526431990ca9e8c04e9eef1','1','内容管理-行业资讯-资讯分类-查询','942475a82d4c4d059191e32b5e17c207','2016-05-03 17:44:49','127.0.0.1','Mozilla/5.0 (X11; Ubuntu; Linux x86_64; rv:43.0) Gecko/20100101 Firefox/43.0','/seedmng/a/statuses/jhiStatusCategory/form','GET','',''),('0747105d7ebc4d54aa1452c38a10a049','1','我的面板-个人信息-个人信息','942475a82d4c4d059191e32b5e17c207','2016-05-03 17:44:40','127.0.0.1','Mozilla/5.0 (X11; Ubuntu; Linux x86_64; rv:43.0) Gecko/20100101 Firefox/43.0','/seedmng/a/sys/user/info','GET','tabPageId=jerichotabiframe_0',''),('078708383ffb40868e6d2d10c49bccd7','1','系统登录','942475a82d4c4d059191e32b5e17c207','2016-05-03 17:32:31','127.0.0.1','Mozilla/5.0 (X11; Ubuntu; Linux x86_64; rv:43.0) Gecko/20100101 Firefox/43.0','/seedmng/a/statuses/jhiStatuses','GET','tabPageId=jerichotabiframe_7',''),('081de85e58954b8382a9f51f2684bda6','1','系统设置-机构用户-用户管理-查看','1','2016-05-03 16:20:48','127.0.0.1','Mozilla/5.0 (X11; Ubuntu; Linux x86_64; rv:43.0) Gecko/20100101 Firefox/43.0','/seedmng/a/sys/user/list','GET','repage=',''),('08c2659d5b664670a10a1f6dd4f2f667','1','我的面板-个人信息-个人信息','1','2016-04-29 16:23:07','127.0.0.1','Mozilla/5.0 (X11; Ubuntu; Linux x86_64; rv:43.0) Gecko/20100101 Firefox/43.0','/jeesite/a/sys/user/info','GET','tabPageId=jerichotabiframe_0',''),('08ff51b0c0694fa79fed48260356d65b','1','内容管理-行业资讯-资讯分类-修改','1','2016-04-29 20:25:29','127.0.0.1','Mozilla/5.0 (X11; Ubuntu; Linux x86_64; rv:43.0) Gecko/20100101 Firefox/43.0','/jeesite/a/statuses/jhiStatusCategory/save','POST','name=范德萨范德萨分&icon=&id=',''),('0905b485fd2946a184d8b95a5bc426bf','1','代码生成-代码生成-生成方案配置','1','2016-04-29 15:48:47','127.0.0.1','Mozilla/5.0 (X11; Ubuntu; Linux x86_64; rv:43.0) Gecko/20100101 Firefox/43.0','/jeesite/a/gen/genScheme','GET','tabPageId=jerichotabiframe_13',''),('099fe08bc2f54ff6bb338b0c1cdc2a89','1','内容管理-行业资讯-行业内容-编辑','1','2016-05-03 15:27:47','127.0.0.1','Mozilla/5.0 (X11; Ubuntu; Linux x86_64; rv:43.0) Gecko/20100101 Firefox/43.0','/seedmng/a/statuses/jhiStatuses/save','POST','summary=七七及开发急啊第十六届发卡来设定激发卡及对方附加阿达上来讲发卡来设定激发\r\n附加阿斯顿看了几法拉收...&category.name=圈子乱弹&isHead=1&source=圈子里&category.id=4&title=奇葩事情天天发生&originalPic=http://test-txhs-com.oss-cn-hangzhou.aliyuncs.com//upload/image/20160503/1462260186904086404.jpg&tags=奇葩&attacment=&top=1&_top=on&id=&text=奇葩事情知多少哦啊知道附加大森林附加阿卡来设定激发拉萨的积分拉卡集散地弗兰克急啊岁的老打飞机阿拉...',''),('09ac40031e8f4dd5be2caceee97d7a60','1','系统登录','1','2016-05-03 10:57:41','127.0.0.1','Mozilla/5.0 (X11; Ubuntu; Linux x86_64; rv:43.0) Gecko/20100101 Firefox/43.0','/jeesite/a/sys/menu/tree','GET','parentId=31',''),('0b1f7901cd7c43f7a5b5c59a9136ce17','1','系统登录','1','2016-05-03 11:17:06','127.0.0.1','Mozilla/5.0 (X11; Ubuntu; Linux x86_64; rv:43.0) Gecko/20100101 Firefox/43.0','/jeesite/a/tag/treeselect','GET','module=&checked=&extId=&isAll=&___t0.07046389251573759=&url=/statuses/jhiStatuses/treeData',''),('0b4baed487a348d9b94734b5d79530d2','1','系统登录','1','2016-04-29 18:00:55','127.0.0.1','Mozilla/5.0 (X11; Ubuntu; Linux x86_64; rv:43.0) Gecko/20100101 Firefox/43.0','/jeesite/a/sys/menu/tree','GET','parentId=31',''),('0c07bad45a4b4d06bdcd4834b953a742','1','内容管理-内容管理','1','2016-04-29 15:26:29','127.0.0.1','Mozilla/5.0 (X11; Ubuntu; Linux x86_64; rv:43.0) Gecko/20100101 Firefox/43.0','/jeesite/a/cms/none','GET','',''),('0d2cefc0172245619395b0edd3a8f460','1','我的面板-个人信息-个人信息','1','2016-05-03 14:01:16','127.0.0.1','Mozilla/5.0 (X11; Ubuntu; Linux x86_64; rv:43.0) Gecko/20100101 Firefox/43.0','/seedmng/a/sys/user/info','GET','tabPageId=jerichotabiframe_0',''),('0d3fe5e3c3de40deaa89f998a80d4ef2','1','系统设置-系统设置-菜单管理-查看','1','2016-04-29 15:04:06','127.0.0.1','Mozilla/5.0 (X11; Ubuntu; Linux x86_64; rv:43.0) Gecko/20100101 Firefox/43.0','/jeesite/a/sys/menu/form','GET','parent.id=9072e6356cdb450ca088004c5b112499',''),('0e6004ba65324f6b83c39390ddd69799','1','内容管理-行业资讯-行业内容-查看','1','2016-05-03 15:15:36','127.0.0.1','Mozilla/5.0 (X11; Ubuntu; Linux x86_64; rv:43.0) Gecko/20100101 Firefox/43.0','/seedmng/a/statuses/jhiStatuses/form','GET','',''),('0f51d5bbdabe464fa8a83b2871b40bd1','1','内容管理-行业资讯-资讯分类','1','2016-04-29 18:14:18','127.0.0.1','Mozilla/5.0 (X11; Ubuntu; Linux x86_64; rv:43.0) Gecko/20100101 Firefox/43.0','/jeesite/a/statuses/jhiStatusCategory','GET','tabPageId=jerichotabiframe_11',''),('0f7c872ccf604cf7907846aedc032255','1','内容管理-行业资讯-行业内容-查看','1','2016-05-03 15:13:29','127.0.0.1','Mozilla/5.0 (X11; Ubuntu; Linux x86_64; rv:43.0) Gecko/20100101 Firefox/43.0','/seedmng/a/statuses/jhiStatuses/form','GET','id=',''),('0fd828fbe63040c7a26df205db6b0f3c','1','内容管理-行业资讯-行业内容-查看','1','2016-05-05 10:34:31','127.0.0.1','Mozilla/5.0 (X11; Ubuntu; Linux x86_64; rv:43.0) Gecko/20100101 Firefox/43.0','/seedmng/a/statuses/jhiStatuses/form','GET','id=1',''),('10aa11d717a44903812d89da6f2d7a84','1','内容管理-内容管理-内容发布','1','2016-05-03 16:22:54','127.0.0.1','Mozilla/5.0 (X11; Ubuntu; Linux x86_64; rv:43.0) Gecko/20100101 Firefox/43.0','/seedmng/a/cms/','GET','tabPageId=jerichotabiframe_4',''),('10dd0958832347329d80478c28264416','2','内容管理-行业资讯-行业内容-查看','1','2016-05-03 15:43:24','127.0.0.1','Mozilla/5.0 (X11; Ubuntu; Linux x86_64; rv:43.0) Gecko/20100101 Firefox/43.0','/seedmng/a/statuses/jhiStatuses/','GET','repage=','org.apache.jasper.JasperException: javax.el.ELException: Problems calling function \'fns:getDictLabel\'\n	at org.apache.jasper.servlet.JspServletWrapper.service(JspServletWrapper.java:432)\n	at org.apache.jasper.servlet.JspServlet.serviceJspFile(JspServlet.java:476)\n	at org.apache.jasper.servlet.JspServlet.service(JspServlet.java:366)\n	at javax.servlet.http.HttpServlet.service(HttpServlet.java:820)\n	at org.eclipse.jetty.servlet.ServletHolder.handle(ServletHolder.java:652)\n	at org.eclipse.jetty.servlet.ServletHandler.doHandle(ServletHandler.java:445)\n	at org.eclipse.jetty.server.handler.ScopedHandler.handle(ScopedHandler.java:137)\n	at org.eclipse.jetty.security.SecurityHandler.handle(SecurityHandler.java:574)\n	at org.eclipse.jetty.server.session.SessionHandler.doHandle(SessionHandler.java:227)\n	at org.eclipse.jetty.server.handler.ContextHandler.doHandle(ContextHandler.java:1044)\n	at org.eclipse.jetty.servlet.ServletHandler.doScope(ServletHandler.java:372)\n	at org.eclipse.jetty.server.session.SessionHandler.doScope(SessionHandler.java:189)\n	at org.eclipse.jetty.server.handler.ContextHandler.doScope(ContextHandler.java:978)\n	at org.eclipse.jetty.server.handler.ScopedHandler.handle(ScopedHandler.java:135)\n	at org.eclipse.jetty.server.Dispatcher.forward(Dispatcher.java:293)\n	at org.eclipse.jetty.server.Dispatcher.forward(Dispatcher.java:120)\n	at org.springframework.web.servlet.view.InternalResourceView.renderMergedOutputModel(InternalResourceView.java:209)\n	at org.springframework.web.servlet.view.AbstractView.render(AbstractView.java:267)\n	at org.springframework.web.servlet.DispatcherServlet.render(DispatcherServlet.java:1221)\n	at org.springframework.web.servlet.DispatcherServlet.processDispatchResult(DispatcherServlet.java:1005)\n	at org.springframework.web.servlet.DispatcherServlet.doDispatch(DispatcherServlet.java:952)\n	at org.springframework.web.servlet.DispatcherServlet.doService(DispatcherServlet.java:870)\n	at org.springframework.web.servlet.FrameworkServlet.processRequest(FrameworkServlet.java:961)\n	at org.springframework.web.servlet.FrameworkServlet.doGet(FrameworkServlet.java:852)\n	at javax.servlet.http.HttpServlet.service(HttpServlet.java:707)\n	at org.springframework.web.servlet.FrameworkServlet.service(FrameworkServlet.java:837)\n	at javax.servlet.http.HttpServlet.service(HttpServlet.java:820)\n	at org.eclipse.jetty.servlet.ServletHolder.handle(ServletHolder.java:652)\n	at org.eclipse.jetty.servlet.ServletHandler$CachedChain.doFilter(ServletHandler.java:1317)\n	at com.opensymphony.sitemesh.webapp.SiteMeshFilter.obtainContent(SiteMeshFilter.java:129)\n	at com.opensymphony.sitemesh.webapp.SiteMeshFilter.doFilter(SiteMeshFilter.java:77)\n	at org.eclipse.jetty.servlet.ServletHandler$CachedChain.doFilter(ServletHandler.java:1288)\n	at org.apache.shiro.web.servlet.ProxiedFilterChain.doFilter(ProxiedFilterChain.java:61)\n	at org.apache.shiro.web.servlet.AdviceFilter.executeChain(AdviceFilter.java:108)\n	at org.apache.shiro.web.servlet.AdviceFilter.doFilterInternal(AdviceFilter.java:137)\n	at org.apache.shiro.web.servlet.OncePerRequestFilter.doFilter(OncePerRequestFilter.java:125)\n	at org.apache.shiro.web.servlet.ProxiedFilterChain.doFilter(ProxiedFilterChain.java:66)\n	at org.apache.shiro.web.servlet.AbstractShiroFilter.executeChain(AbstractShiroFilter.java:449)\n	at org.apache.shiro.web.servlet.AbstractShiroFilter$1.call(AbstractShiroFilter.java:365)\n	at org.apache.shiro.subject.support.SubjectCallable.doCall(SubjectCallable.java:90)\n	at org.apache.shiro.subject.support.SubjectCallable.call(SubjectCallable.java:83)\n	at org.apache.shiro.subject.support.DelegatingSubject.execute(DelegatingSubject.java:383)\n	at org.apache.shiro.web.servlet.AbstractShiroFilter.doFilterInternal(AbstractShiroFilter.java:362)\n	at org.apache.shiro.web.servlet.OncePerRequestFilter.doFilter(OncePerRequestFilter.java:125)\n	at org.springframework.web.filter.DelegatingFilterProxy.invokeDelegate(DelegatingFilterProxy.java:344)\n	at org.springframework.web.filter.DelegatingFilterProxy.doFilter(DelegatingFilterProxy.java:261)\n	at org.eclipse.jetty.servlet.ServletHandler$CachedChain.doFilter(ServletHandler.java:1288)\n	at org.springframework.web.filter.CharacterEncodingFilter.doFilterInternal(CharacterEncodingFilter.java:88)\n	at org.springframework.web.filter.OncePerRequestFilter.doFilter(OncePerRequestFilter.java:107)\n	at org.eclipse.jetty.servlet.ServletHandler$CachedChain.doFilter(ServletHandler.java:1288)\n	at org.eclipse.jetty.servlet.ServletHandler.doHandle(ServletHandler.java:443)\n	at org.eclipse.jetty.server.handler.ScopedHandler.handle(ScopedHandler.java:137)\n	at org.eclipse.jetty.security.SecurityHandler.handle(SecurityHandler.java:556)\n	at org.eclipse.jetty.server.session.SessionHandler.doHandle(SessionHandler.java:227)\n	at org.eclipse.jetty.server.handler.ContextHandler.doHandle(ContextHandler.java:1044)\n	at org.eclipse.jetty.servlet.ServletHandler.doScope(ServletHandler.java:372)\n	at org.eclipse.jetty.server.session.SessionHandler.doScope(SessionHandler.java:189)\n	at org.eclipse.jetty.server.handler.ContextHandler.doScope(ContextHandler.java:978)\n	at org.eclipse.jetty.server.handler.ScopedHandler.handle(ScopedHandler.java:135)\n	at org.eclipse.jetty.server.handler.ContextHandlerCollection.handle(ContextHandlerCollection.java:255)\n	at org.eclipse.jetty.server.handler.HandlerCollection.handle(HandlerCollection.java:154)\n	at org.eclipse.jetty.server.handler.HandlerWrapper.handle(HandlerWrapper.java:116)\n	at org.eclipse.jetty.server.Server.handle(Server.java:369)\n	at org.eclipse.jetty.server.AbstractHttpConnection.handleRequest(AbstractHttpConnection.java:486)\n	at org.eclipse.jetty.server.AbstractHttpConnection.headerComplete(AbstractHttpConnection.java:933)\n	at org.eclipse.jetty.server.AbstractHttpConnection$RequestHandler.headerComplete(AbstractHttpConnection.java:995)\n	at org.eclipse.jetty.http.HttpParser.parseNext(HttpParser.java:644)\n	at org.eclipse.jetty.http.HttpParser.parseAvailable(HttpParser.java:235)\n	at org.eclipse.jetty.server.AsyncHttpConnection.handle(AsyncHttpConnection.java:82)\n	at org.eclipse.jetty.io.nio.SelectChannelEndPoint.handle(SelectChannelEndPoint.java:667)\n	at org.eclipse.jetty.io.nio.SelectChannelEndPoint$1.run(SelectChannelEndPoint.java:52)\n	at org.eclipse.jetty.util.thread.QueuedThreadPool.runJob(QueuedThreadPool.java:608)\n	at org.eclipse.jetty.util.thread.QueuedThreadPool$3.run(QueuedThreadPool.java:543)\n	at java.lang.Thread.run(Thread.java:745)\nCaused by: javax.el.ELException: Problems calling function \'fns:getDictLabel\'\n	at com.sun.el.parser.AstFunction.getValue(AstFunction.java:122)\n	at com.sun.el.ValueExpressionImpl.getValue(ValueExpressionImpl.java:206)\n	at org.apache.jasper.runtime.PageContextImpl.evaluateExpression(PageContextImpl.java:1007)\n	at org.apache.jsp.WEB_002dINF.views.modules.statuses.jhiStatusesList_jsp._jspx_meth_c_forEach_0(jhiStatusesList_jsp.java:537)\n	at org.apache.jsp.WEB_002dINF.views.modules.statuses.jhiStatusesList_jsp._jspService(jhiStatusesList_jsp.java:283)\n	at org.apache.jasper.runtime.HttpJspBase.service(HttpJspBase.java:109)\n	at javax.servlet.http.HttpServlet.service(HttpServlet.java:820)\n	at org.apache.jasper.servlet.JspServletWrapper.service(JspServletWrapper.java:403)\n	... 73 more\nCaused by: javax.el.PropertyNotFoundException: The class \'com.thinkgem.jeesite.modules.statuses.entity.JhiStatuses\' does not have the property \'categoryId\'.\n	at javax.el.BeanELResolver.getBeanProperty(BeanELResolver.java:579)\n	at javax.el.BeanELResolver.getValue(BeanELResolver.java:281)\n	at javax.el.CompositeELResolver.getValue(CompositeELResolver.java:175)\n	at com.sun.el.parser.AstValue.getValue(AstValue.java:138)\n	at com.sun.el.parser.AstFunction.getValue(AstFunction.java:118)\n	... 80 more\n'),('11628ff9f3984476ab2839b413978043','1','系统设置-系统设置-角色管理-修改','1','2016-05-03 16:22:28','127.0.0.1','Mozilla/5.0 (X11; Ubuntu; Linux x86_64; rv:43.0) Gecko/20100101 Firefox/43.0','/seedmng/a/sys/role/save','POST','oldEnname=zb&office.id=2&roleType=assignment&sysData=1&dataScope=4&enname=zb&useable=1&officeIds=&office.name=公司领导&oldName=总编&name=总编&id=4&menuIds=1,27,28,29,30,31,9072e6356cdb450ca088004c5b112499,1abe6c0febab4060923b456038d3d929,442eca52d9f94f...&remarks=',''),('130ee0f453ed478fa46cb330fcc83b8f','1','内容管理-内容管理','1','2016-05-05 17:14:16','127.0.0.1','Mozilla/5.0 (X11; Ubuntu; Linux x86_64; rv:43.0) Gecko/20100101 Firefox/43.0','/seedmng/a/cms/none','GET','',''),('134ca4d23dfb441a9803eef192f65770','1','内容管理-行业资讯-行业内容-编辑','1','2016-05-03 15:38:04','127.0.0.1','Mozilla/5.0 (X11; Ubuntu; Linux x86_64; rv:43.0) Gecko/20100101 Firefox/43.0','/seedmng/a/statuses/jhiStatuses/save','POST','summary=七七及开发急啊第十六届发卡来设定激发卡及对方附加阿达上来讲发卡来设定激发\r\n附加阿斯顿看了几法拉收...&category.name=圈子乱弹&isHead=1&source=圈子里&category.id=4&title=奇葩事情天天发生&originalPic=http://test-txhs-com.oss-cn-hangzhou.aliyuncs.com//upload/image/20160503/1462260186904086404.jpg&tags=奇葩&attacment=&top=1&_top=on&id=&text=&lt;p&gt;&amp;lt;p&amp;gt;&amp;lt;img alt=&amp;quot;3b87e950352ac65cb48ae4d2fef2b21192138a80.jpg&...',''),('13647225904a49b683280227811d13f6','1','我的面板-个人信息-个人信息','1','2016-05-03 10:44:47','127.0.0.1','Mozilla/5.0 (X11; Ubuntu; Linux x86_64; rv:43.0) Gecko/20100101 Firefox/43.0','/jeesite/a/sys/user/info','GET','tabPageId=jerichotabiframe_0',''),('137e19bf3efc4f41b76a72af962ebc6d','1','内容管理-行业资讯-资讯分类','70262adb686d4e09a90637416213d547','2016-05-03 16:21:27','127.0.0.1','Mozilla/5.0 (X11; Ubuntu; Linux x86_64; rv:43.0) Gecko/20100101 Firefox/43.0','/seedmng/a/statuses/jhiStatusCategory','GET','tabPageId=jerichotabiframe_1',''),('14268ee4feac41fcadfe79deec571e2b','1','内容管理-内容管理','1','2016-05-03 13:13:12','127.0.0.1','Mozilla/5.0 (X11; Ubuntu; Linux x86_64; rv:43.0) Gecko/20100101 Firefox/43.0','/seedmng/a/cms/tree','GET','',''),('14a0802caf7b4da49f40165804913593','1','内容管理-内容管理','1','2016-05-05 10:33:53','127.0.0.1','Mozilla/5.0 (X11; Ubuntu; Linux x86_64; rv:43.0) Gecko/20100101 Firefox/43.0','/seedmng/a/cms/tree','GET','',''),('14d2475952644589aed7c572ae13a0ed','1','内容管理-行业资讯-行业内容-查看','1','2016-04-29 21:18:58','127.0.0.1','Mozilla/5.0 (X11; Ubuntu; Linux x86_64; rv:43.0) Gecko/20100101 Firefox/43.0','/jeesite/a/statuses/jhiStatuses/form','GET','',''),('14fc6b7cf99148eabab07211f2a338b7','2','内容管理-行业资讯-行业内容','1','2016-04-29 18:06:54','127.0.0.1','Mozilla/5.0 (X11; Ubuntu; Linux x86_64; rv:43.0) Gecko/20100101 Firefox/43.0','/jeesite/a/statuses/jhiStatuses','GET','tabPageId=jerichotabiframe_7','org.apache.jasper.JasperException: org.springframework.beans.NotReadablePropertyException: Invalid property \'categoryId\' of bean class [com.thinkgem.jeesite.modules.statuses.entity.JhiStatuses]: Bean property \'categoryId\' is not readable or has an invalid getter method: Does the return type of the getter match the parameter type of the setter?\n	at org.apache.jasper.servlet.JspServletWrapper.service(JspServletWrapper.java:432)\n	at org.apache.jasper.servlet.JspServlet.serviceJspFile(JspServlet.java:476)\n	at org.apache.jasper.servlet.JspServlet.service(JspServlet.java:366)\n	at javax.servlet.http.HttpServlet.service(HttpServlet.java:820)\n	at org.eclipse.jetty.servlet.ServletHolder.handle(ServletHolder.java:652)\n	at org.eclipse.jetty.servlet.ServletHandler.doHandle(ServletHandler.java:445)\n	at org.eclipse.jetty.server.handler.ScopedHandler.handle(ScopedHandler.java:137)\n	at org.eclipse.jetty.security.SecurityHandler.handle(SecurityHandler.java:574)\n	at org.eclipse.jetty.server.session.SessionHandler.doHandle(SessionHandler.java:227)\n	at org.eclipse.jetty.server.handler.ContextHandler.doHandle(ContextHandler.java:1044)\n	at org.eclipse.jetty.servlet.ServletHandler.doScope(ServletHandler.java:372)\n	at org.eclipse.jetty.server.session.SessionHandler.doScope(SessionHandler.java:189)\n	at org.eclipse.jetty.server.handler.ContextHandler.doScope(ContextHandler.java:978)\n	at org.eclipse.jetty.server.handler.ScopedHandler.handle(ScopedHandler.java:135)\n	at org.eclipse.jetty.server.Dispatcher.forward(Dispatcher.java:293)\n	at org.eclipse.jetty.server.Dispatcher.forward(Dispatcher.java:120)\n	at org.springframework.web.servlet.view.InternalResourceView.renderMergedOutputModel(InternalResourceView.java:209)\n	at org.springframework.web.servlet.view.AbstractView.render(AbstractView.java:267)\n	at org.springframework.web.servlet.DispatcherServlet.render(DispatcherServlet.java:1221)\n	at org.springframework.web.servlet.DispatcherServlet.processDispatchResult(DispatcherServlet.java:1005)\n	at org.springframework.web.servlet.DispatcherServlet.doDispatch(DispatcherServlet.java:952)\n	at org.springframework.web.servlet.DispatcherServlet.doService(DispatcherServlet.java:870)\n	at org.springframework.web.servlet.FrameworkServlet.processRequest(FrameworkServlet.java:961)\n	at org.springframework.web.servlet.FrameworkServlet.doGet(FrameworkServlet.java:852)\n	at javax.servlet.http.HttpServlet.service(HttpServlet.java:707)\n	at org.springframework.web.servlet.FrameworkServlet.service(FrameworkServlet.java:837)\n	at javax.servlet.http.HttpServlet.service(HttpServlet.java:820)\n	at org.eclipse.jetty.servlet.ServletHolder.handle(ServletHolder.java:652)\n	at org.eclipse.jetty.servlet.ServletHandler$CachedChain.doFilter(ServletHandler.java:1317)\n	at com.opensymphony.sitemesh.webapp.SiteMeshFilter.obtainContent(SiteMeshFilter.java:129)\n	at com.opensymphony.sitemesh.webapp.SiteMeshFilter.doFilter(SiteMeshFilter.java:77)\n	at org.eclipse.jetty.servlet.ServletHandler$CachedChain.doFilter(ServletHandler.java:1288)\n	at org.apache.shiro.web.servlet.ProxiedFilterChain.doFilter(ProxiedFilterChain.java:61)\n	at org.apache.shiro.web.servlet.AdviceFilter.executeChain(AdviceFilter.java:108)\n	at org.apache.shiro.web.servlet.AdviceFilter.doFilterInternal(AdviceFilter.java:137)\n	at org.apache.shiro.web.servlet.OncePerRequestFilter.doFilter(OncePerRequestFilter.java:125)\n	at org.apache.shiro.web.servlet.ProxiedFilterChain.doFilter(ProxiedFilterChain.java:66)\n	at org.apache.shiro.web.servlet.AbstractShiroFilter.executeChain(AbstractShiroFilter.java:449)\n	at org.apache.shiro.web.servlet.AbstractShiroFilter$1.call(AbstractShiroFilter.java:365)\n	at org.apache.shiro.subject.support.SubjectCallable.doCall(SubjectCallable.java:90)\n	at org.apache.shiro.subject.support.SubjectCallable.call(SubjectCallable.java:83)\n	at org.apache.shiro.subject.support.DelegatingSubject.execute(DelegatingSubject.java:383)\n	at org.apache.shiro.web.servlet.AbstractShiroFilter.doFilterInternal(AbstractShiroFilter.java:362)\n	at org.apache.shiro.web.servlet.OncePerRequestFilter.doFilter(OncePerRequestFilter.java:125)\n	at org.springframework.web.filter.DelegatingFilterProxy.invokeDelegate(DelegatingFilterProxy.java:344)\n	at org.springframework.web.filter.DelegatingFilterProxy.doFilter(DelegatingFilterProxy.java:261)\n	at org.eclipse.jetty.servlet.ServletHandler$CachedChain.doFilter(ServletHandler.java:1288)\n	at org.springframework.web.filter.CharacterEncodingFilter.doFilterInternal(CharacterEncodingFilter.java:88)\n	at org.springframework.web.filter.OncePerRequestFilter.doFilter(OncePerRequestFilter.java:107)\n	at org.eclipse.jetty.servlet.ServletHandler$CachedChain.doFilter(ServletHandler.java:1288)\n	at org.eclipse.jetty.servlet.ServletHandler.doHandle(ServletHandler.java:443)\n	at org.eclipse.jetty.server.handler.ScopedHandler.handle(ScopedHandler.java:137)\n	at org.eclipse.jetty.security.SecurityHandler.handle(SecurityHandler.java:556)\n	at org.eclipse.jetty.server.session.SessionHandler.doHandle(SessionHandler.java:227)\n	at org.eclipse.jetty.server.handler.ContextHandler.doHandle(ContextHandler.java:1044)\n	at org.eclipse.jetty.servlet.ServletHandler.doScope(ServletHandler.java:372)\n	at org.eclipse.jetty.server.session.SessionHandler.doScope(SessionHandler.java:189)\n	at org.eclipse.jetty.server.handler.ContextHandler.doScope(ContextHandler.java:978)\n	at org.eclipse.jetty.server.handler.ScopedHandler.handle(ScopedHandler.java:135)\n	at org.eclipse.jetty.server.handler.ContextHandlerCollection.handle(ContextHandlerCollection.java:255)\n	at org.eclipse.jetty.server.handler.HandlerCollection.handle(HandlerCollection.java:154)\n	at org.eclipse.jetty.server.handler.HandlerWrapper.handle(HandlerWrapper.java:116)\n	at org.eclipse.jetty.server.Server.handle(Server.java:369)\n	at org.eclipse.jetty.server.AbstractHttpConnection.handleRequest(AbstractHttpConnection.java:486)\n	at org.eclipse.jetty.server.AbstractHttpConnection.headerComplete(AbstractHttpConnection.java:933)\n	at org.eclipse.jetty.server.AbstractHttpConnection$RequestHandler.headerComplete(AbstractHttpConnection.java:995)\n	at org.eclipse.jetty.http.HttpParser.parseNext(HttpParser.java:644)\n	at org.eclipse.jetty.http.HttpParser.parseAvailable(HttpParser.java:235)\n	at org.eclipse.jetty.server.AsyncHttpConnection.handle(AsyncHttpConnection.java:82)\n	at org.eclipse.jetty.io.nio.SelectChannelEndPoint.handle(SelectChannelEndPoint.java:667)\n	at org.eclipse.jetty.io.nio.SelectChannelEndPoint$1.run(SelectChannelEndPoint.java:52)\n	at org.eclipse.jetty.util.thread.QueuedThreadPool.runJob(QueuedThreadPool.java:608)\n	at org.eclipse.jetty.util.thread.QueuedThreadPool$3.run(QueuedThreadPool.java:543)\n	at java.lang.Thread.run(Thread.java:745)\nCaused by: org.springframework.beans.NotReadablePropertyException: Invalid property \'categoryId\' of bean class [com.thinkgem.jeesite.modules.statuses.entity.JhiStatuses]: Bean property \'categoryId\' is not readable or has an invalid getter method: Does the return type of the getter match the parameter type of the setter?\n	at org.springframework.beans.BeanWrapperImpl.getPropertyValue(BeanWrapperImpl.java:726)\n	at org.springframework.beans.BeanWrapperImpl.getPropertyValue(BeanWrapperImpl.java:717)\n	at org.springframework.validation.AbstractPropertyBindingResult.getActualFieldValue(AbstractPropertyBindingResult.java:99)\n	at org.springframework.validation.AbstractBindingResult.getFieldValue(AbstractBindingResult.java:229)\n	at org.springframework.web.servlet.support.BindStatus.<init>(BindStatus.java:120)\n	at org.springframework.web.servlet.tags.form.AbstractDataBoundFormElementTag.getBindStatus(AbstractDataBoundFormElementTag.java:168)\n	at org.springframework.web.servlet.tags.form.AbstractDataBoundFormElementTag.getPropertyPath(AbstractDataBoundFormElementTag.java:188)\n	at org.springframework.web.servlet.tags.form.AbstractDataBoundFormElementTag.getName(AbstractDataBoundFormElementTag.java:154)\n	at org.springframework.web.servlet.tags.form.AbstractDataBoundFormElementTag.autogenerateId(AbstractDataBoundFormElementTag.java:141)\n	at org.springframework.web.servlet.tags.form.AbstractDataBoundFormElementTag.resolveId(AbstractDataBoundFormElementTag.java:132)\n	at org.springframework.web.servlet.tags.form.AbstractDataBoundFormElementTag.writeDefaultAttributes(AbstractDataBoundFormElementTag.java:116)\n	at org.springframework.web.servlet.tags.form.AbstractHtmlElementTag.writeDefaultAttributes(AbstractHtmlElementTag.java:422)\n	at org.springframework.web.servlet.tags.form.SelectTag.writeTagContent(SelectTag.java:194)\n	at org.springframework.web.servlet.tags.form.AbstractFormTag.doStartTagInternal(AbstractFormTag.java:84)\n	at org.springframework.web.servlet.tags.RequestContextAwareTag.doStartTag(RequestContextAwareTag.java:80)\n	at org.apache.jsp.WEB_002dINF.views.modules.statuses.jhiStatusesList_jsp._jspService(jhiStatusesList_jsp.java:176)\n	at org.apache.jasper.runtime.HttpJspBase.service(HttpJspBase.java:109)\n	at javax.servlet.http.HttpServlet.service(HttpServlet.java:820)\n	at org.apache.jasper.servlet.JspServletWrapper.service(JspServletWrapper.java:403)\n	... 73 more\n'),('15685a45ca114585a4438559a017ce60','1','内容管理-行业资讯-行业内容','942475a82d4c4d059191e32b5e17c207','2016-05-03 18:11:05','127.0.0.1','Mozilla/5.0 (X11; Ubuntu; Linux x86_64; rv:43.0) Gecko/20100101 Firefox/43.0','/seedmng/a/statuses/jhiStatuses','GET','tabPageId=jerichotabiframe_3',''),('169cdde7243547619669548747fb6b26','1','系统设置-系统设置-菜单管理','1','2016-04-29 15:25:48','127.0.0.1','Mozilla/5.0 (X11; Ubuntu; Linux x86_64; rv:43.0) Gecko/20100101 Firefox/43.0','/jeesite/a/sys/menu/','GET','',''),('16c088703cad400aa3b77ef60908e4d9','1','内容管理-行业资讯-行业内容','1','2016-05-03 15:03:28','127.0.0.1','Mozilla/5.0 (X11; Ubuntu; Linux x86_64; rv:43.0) Gecko/20100101 Firefox/43.0','/seedmng/a/statuses/jhiStatuses','GET','tabPageId=jerichotabiframe_2',''),('16d3afc8f3014a41a75a07d9aed99355','1','在线办公-流程管理-流程管理','1','2016-05-05 15:55:10','127.0.0.1','Mozilla/5.0 (X11; Ubuntu; Linux x86_64; rv:43.0) Gecko/20100101 Firefox/43.0','/seedmng/a/act/process','GET','tabPageId=jerichotabiframe_8',''),('176729b1b946466ab3b2148e5e77d759','1','系统设置-机构用户-区域管理','1','2016-05-05 15:55:15','127.0.0.1','Mozilla/5.0 (X11; Ubuntu; Linux x86_64; rv:43.0) Gecko/20100101 Firefox/43.0','/seedmng/a/sys/area/','GET','tabPageId=jerichotabiframe_10',''),('17a7c98e50d445c2b0bfb347038cf459','1','系统设置-系统设置-菜单管理','1','2016-05-05 17:09:45','127.0.0.1','Mozilla/5.0 (X11; Ubuntu; Linux x86_64; rv:43.0) Gecko/20100101 Firefox/43.0','/seedmng/a/sys/menu/','GET','',''),('17d70a78252f4835a4677f186f3f384a','1','内容管理-行业资讯-行业内容-查看','1','2016-05-03 15:15:18','127.0.0.1','Mozilla/5.0 (X11; Ubuntu; Linux x86_64; rv:43.0) Gecko/20100101 Firefox/43.0','/seedmng/a/statuses/jhiStatuses/','GET','',''),('1881827dcb8248a4b3b283980e58c0c3','1','系统设置-系统设置-菜单管理-修改','1','2016-04-29 15:13:46','127.0.0.1','Mozilla/5.0 (X11; Ubuntu; Linux x86_64; rv:43.0) Gecko/20100101 Firefox/43.0','/jeesite/a/sys/menu/save','POST','parent.name=行业资讯&name=资讯分类&icon=&parent.id=9072e6356cdb450ca088004c5b112499&permission=&id=1abe6c0febab4060923b456038d3d929&href=/statuses/jhiStatusCategory&sort=30&remarks=&target=&isShow=1',''),('18cd4e68604c48f3af578c0596f24ef4','1','我的面板-个人信息-个人信息','1','2016-05-05 17:18:45','127.0.0.1','Mozilla/5.0 (X11; Ubuntu; Linux x86_64; rv:43.0) Gecko/20100101 Firefox/43.0','/seedmng/a/sys/user/info','GET','tabPageId=jerichotabiframe_0',''),('1949a5370fd347178c69c995f349e379','1','内容管理-行业资讯-资讯分类-修改','1','2016-05-03 10:58:09','127.0.0.1','Mozilla/5.0 (X11; Ubuntu; Linux x86_64; rv:43.0) Gecko/20100101 Firefox/43.0','/jeesite/a/statuses/jhiStatusCategory/save','POST','name=天下文章&icon=&id=',''),('197cc661723e4076bb2716e868f42559','1','内容管理-行业资讯-行业内容-查看','942475a82d4c4d059191e32b5e17c207','2016-05-03 19:16:49','127.0.0.1','Mozilla/5.0 (X11; Ubuntu; Linux x86_64; rv:43.0) Gecko/20100101 Firefox/43.0','/seedmng/a/statuses/jhiStatuses/form','GET','',''),('19a6f4b558b74704b2e6d4248291702c','1','内容管理-行业资讯-资讯分类','1','2016-04-29 18:10:10','127.0.0.1','Mozilla/5.0 (X11; Ubuntu; Linux x86_64; rv:43.0) Gecko/20100101 Firefox/43.0','/jeesite/a/statuses/jhiStatusCategory','GET','tabPageId=jerichotabiframe_8',''),('19dda40a1f9643debb18cddff06cfbb9','1','我的面板-个人信息-个人信息','1','2016-05-03 13:13:10','127.0.0.1','Mozilla/5.0 (X11; Ubuntu; Linux x86_64; rv:43.0) Gecko/20100101 Firefox/43.0','/seedmng/a/sys/user/info','GET','tabPageId=jerichotabiframe_0',''),('1ac885b7186944c8b59162d26853a05d','1','系统设置-机构用户-机构管理-修改','1','2016-05-03 16:14:31','127.0.0.1','Mozilla/5.0 (X11; Ubuntu; Linux x86_64; rv:43.0) Gecko/20100101 Firefox/43.0','/seedmng/a/sys/office/delete','GET','id=7',''),('1acbb4f34b41430eb236bb58d7be47f3','1','系统登录','1','2016-05-05 17:40:37','127.0.0.1','Mozilla/5.0 (X11; Ubuntu; Linux x86_64; rv:43.0) Gecko/20100101 Firefox/43.0','/seedmng/a/statuses/jhiStatuses','GET','tabPageId=jerichotabiframe_4',''),('1b38e12599b7465ab25799344a657fe5','1','系统设置-系统设置-菜单管理-查看','1','2016-05-05 17:13:08','127.0.0.1','Mozilla/5.0 (X11; Ubuntu; Linux x86_64; rv:43.0) Gecko/20100101 Firefox/43.0','/seedmng/a/sys/menu/form','GET','id=1d8e6cab6ef641418581234bdb2b460c',''),('1b73e609c55f491c92650f47a79f87f5','1','内容管理-行业资讯-资讯分类-修改','1','2016-05-03 15:19:53','127.0.0.1','Mozilla/5.0 (X11; Ubuntu; Linux x86_64; rv:43.0) Gecko/20100101 Firefox/43.0','/seedmng/a/statuses/jhiStatusCategory/delete','GET','id=2',''),('1bf7cc1f020a47888d38744b4f9ec15a','1','系统设置-系统设置-菜单管理-查看','1','2016-05-05 17:11:53','127.0.0.1','Mozilla/5.0 (X11; Ubuntu; Linux x86_64; rv:43.0) Gecko/20100101 Firefox/43.0','/seedmng/a/sys/menu/form','GET','parent.id=a4461ad134864ab0a159c5d40633aca5',''),('1bfa78c404f849bea6a84b108f73290b','1','系统设置-机构用户-用户管理-查看','1','2016-05-05 17:08:25','127.0.0.1','Mozilla/5.0 (X11; Ubuntu; Linux x86_64; rv:43.0) Gecko/20100101 Firefox/43.0','/seedmng/a/sys/user/list','GET','',''),('1bfcc35b64be4c8999aa8eabf9ad033c','1','系统登录','1','2016-04-29 14:41:11','127.0.0.1','Mozilla/5.0 (X11; Ubuntu; Linux x86_64; rv:43.0) Gecko/20100101 Firefox/43.0','/jeesite/a','GET','',''),('1c09ded050574306b1066c98d7eb2950','1','系统设置-机构用户-用户管理-查看','1','2016-05-03 15:01:05','127.0.0.1','Mozilla/5.0 (X11; Ubuntu; Linux x86_64; rv:43.0) Gecko/20100101 Firefox/43.0','/seedmng/a/sys/user/list','GET','',''),('1c1816ca0cf948b8b8142688a1c9f375','1','内容管理-行业资讯-行业内容','1','2016-05-03 15:59:09','127.0.0.1','Mozilla/5.0 (X11; Ubuntu; Linux x86_64; rv:43.0) Gecko/20100101 Firefox/43.0','/seedmng/a/statuses/jhiStatuses','GET','tabPageId=jerichotabiframe_10',''),('1c6fbd966ec84decb0657c2015e673bb','1','系统设置-系统设置-字典管理','1','2016-05-05 15:55:19','127.0.0.1','Mozilla/5.0 (X11; Ubuntu; Linux x86_64; rv:43.0) Gecko/20100101 Firefox/43.0','/seedmng/a/sys/dict/','GET','tabPageId=jerichotabiframe_11',''),('1d47a0ec48bd4049b222902c80302fb3','1','内容管理-行业资讯-行业内容','942475a82d4c4d059191e32b5e17c207','2016-05-03 17:32:37','127.0.0.1','Mozilla/5.0 (X11; Ubuntu; Linux x86_64; rv:43.0) Gecko/20100101 Firefox/43.0','/seedmng/a/statuses/jhiStatuses','GET','tabPageId=jerichotabiframe_7',''),('1db34696dce24fcf9d9b57c046858e48','1','内容管理-内容管理-内容发布','1','2016-05-03 10:57:41','127.0.0.1','Mozilla/5.0 (X11; Ubuntu; Linux x86_64; rv:43.0) Gecko/20100101 Firefox/43.0','/jeesite/a/cms/','GET','tabPageId=jerichotabiframe_1',''),('1dd07ef8016347c088197b6ef026d567','1','内容管理-内容管理','1','2016-05-05 17:18:47','127.0.0.1','Mozilla/5.0 (X11; Ubuntu; Linux x86_64; rv:43.0) Gecko/20100101 Firefox/43.0','/seedmng/a/cms/none','GET','',''),('1dd14fc88ea04d6287042f14d6750242','1','内容管理-内容管理-内容发布-文章模型-查看','1','2016-05-05 10:27:30','127.0.0.1','Mozilla/5.0 (X11; Ubuntu; Linux x86_64; rv:43.0) Gecko/20100101 Firefox/43.0','/seedmng/a/cms/article/form','GET','category.id=3&category.name=网站简介&id=',''),('1de182b557e6499b967f784e5409bf03','1','内容管理-行业资讯-行业内容','1','2016-05-03 15:55:22','127.0.0.1','Mozilla/5.0 (X11; Ubuntu; Linux x86_64; rv:43.0) Gecko/20100101 Firefox/43.0','/seedmng/a/statuses/jhiStatuses','GET','tabPageId=jerichotabiframe_9',''),('1de4b61f78b14d679c0d4145c122ac82','1','内容管理-行业资讯-首页条幅','1','2016-05-05 17:18:57','127.0.0.1','Mozilla/5.0 (X11; Ubuntu; Linux x86_64; rv:43.0) Gecko/20100101 Firefox/43.0','/seedmng/a/statuses/banner','GET','tabPageId=jerichotabiframe_3',''),('1e368f29ed3146f182701caac5077a4d','1','系统设置-机构用户-用户管理-查看','1','2016-05-03 16:24:48','127.0.0.1','Mozilla/5.0 (X11; Ubuntu; Linux x86_64; rv:43.0) Gecko/20100101 Firefox/43.0','/seedmng/a/sys/user/form','GET','',''),('1f1d579b39da4dd7862ec16f3968038f','1','系统登录','1','2016-05-03 15:30:46','127.0.0.1','Mozilla/5.0 (X11; Ubuntu; Linux x86_64; rv:43.0) Gecko/20100101 Firefox/43.0','/seedmng/a/statuses/jhiStatuses/save','POST','summary=七七及开发急啊第十六届发卡来设定激发卡及对方附加阿达上来讲发卡来设定激发\r\n附加阿斯顿看了几法拉收...&category.name=圈子乱弹&isHead=1&source=圈子里&category.id=4&title=奇葩事情天天发生&originalPic=http://test-txhs-com.oss-cn-hangzhou.aliyuncs.com//upload/image/20160503/1462260186904086404.jpg&tags=奇葩&attacment=&top=1&_top=on&id=&text=&lt;p&gt;&amp;lt;p&amp;gt;&amp;lt;img alt=&amp;quot;3b87e950352ac65cb48ae4d2fef2b21192138a80.jpg&...',''),('1f2a8360c0d34a7d899ff0c49db11155','1','内容管理-行业资讯-行业内容-编辑','1','2016-05-03 15:44:57','127.0.0.1','Mozilla/5.0 (X11; Ubuntu; Linux x86_64; rv:43.0) Gecko/20100101 Firefox/43.0','/seedmng/a/statuses/jhiStatuses/save','POST','summary=七七及开发急啊第十六届发卡来设定激发卡及对方附加阿达上来讲发卡来设定激发\r\n附加阿斯顿看了几法拉收...&category.name=圈子乱弹&isHead=1&source=圈子里&category.id=4&title=奇葩事情天天发生&originalPic=http://test-txhs-com.oss-cn-hangzhou.aliyuncs.com//upload/image/20160503/1462260186904086404.jpg&tags=奇葩&attacment=&top=1&_top=on&id=&text=&lt;p&gt;&amp;lt;p&amp;gt;&amp;lt;img alt=&amp;quot;3b87e950352ac65cb48ae4d2fef2b21192138a80.jpg&...',''),('1f50660cf4dd4902b19ff029502d55b2','1','内容管理-内容管理','1','2016-05-03 10:57:41','127.0.0.1','Mozilla/5.0 (X11; Ubuntu; Linux x86_64; rv:43.0) Gecko/20100101 Firefox/43.0','/jeesite/a/cms/none','GET','',''),('2014dfbda9984ce8950fe772c967b3f0','1','内容管理-行业资讯-行业内容','1','2016-04-29 21:00:50','127.0.0.1','Mozilla/5.0 (X11; Ubuntu; Linux x86_64; rv:43.0) Gecko/20100101 Firefox/43.0','/jeesite/a/statuses/jhiStatuses','GET','tabPageId=jerichotabiframe_25',''),('2058bd443ecc4c3c94a0a82d38fe49c1','1','代码生成-代码生成-业务表配置','1','2016-05-05 16:48:18','127.0.0.1','Mozilla/5.0 (X11; Ubuntu; Linux x86_64; rv:43.0) Gecko/20100101 Firefox/43.0','/seedmng/a/gen/genTable','GET','tabPageId=jerichotabiframe_15',''),('20649a859bd44ead84bd9bd081e29603','1','系统登录','1','2016-04-29 14:55:47','127.0.0.1','Mozilla/5.0 (X11; Ubuntu; Linux x86_64; rv:43.0) Gecko/20100101 Firefox/43.0','/jeesite/a/gen/genTable/save','POST','columnList[17].delFlag=0&columnList[17].isEdit=1&columnList[5].id=&columnList[12].queryType==&columnList[18].sort=190&columnList[12].isInsert=0&columnList[7].isPk=0&columnList[5].sort=60&columnList[6].isInsert=1&columnList[1].queryType==&columnList[6].javaField=middlePic&columnList[8].isList=0&columnList[14].javaType=Long&columnList[12].jdbcType=varchar(255)&columnList[6].jdbcType=varchar(255)&columnList[8].genTable.id=&columnList[16].isQuery=0&_columnList[18].isEdit=1&columnList[9].genTable.id=&columnList[2].dictType=&columnList[6].isEdit=1&columnList[8].delFlag=0&columnList[16].isList=0&columnList[6].javaType=String&_columnList[9].isInsert=1&columnList[3].delFlag=0&columnList[3].name=attitudes_count&columnList[14].isEdit=0&columnList[10].jdbcType=longtext&columnList[13].sort=140&columnList[14].isInsert=0&columnList[16].javaType=String&columnList[12].id=&columnList[2].isPk=0&columnList[1].showType=input&columnList[8].isInsert=0&columnList[9].isEdit=1&columnList[17].javaField=tags&columnList[18].showType=checkbox&columnList[1].javaField=annotations&_columnList[15].isEdit=1&_columnList[1].isNull=1&columnList[4].jdbcType=int(11)&_columnList[0].isInsert=1&columnList[4].javaType=String&columnList[0].isEdit=0&columnList[13].isNull=1&columnList[11].sort=120&columnList[10].javaField=text&columnList[2].isNull=1&_columnList[18].isInsert=1&columnList[8].isQuery=0&columnList[17].queryType==&columnList[10].queryType==&columnList[10].dictType=&columnList[6].genTable.id=&columnList[13].isPk=0&columnList[14].name=profile_id&columnList[2].jdbcType=varchar(255)&columnList[11].isEdit=0&columnList[6].id=&columnList[10].comments=text&columnList[16].isInsert=1&columnList[0].comments=id&columnList[6].dictType=&columnList[3].queryType==&columnList[7].sort=80&columnList[3].isEdit=0&columnList[12].javaField=type&columnList[0].isInsert=1&columnList[5].showType=dateselect&columnList[16].name=summary&columnList[12].delFlag=0&columnList[10].isInsert=1&columnList[15].isPk=0&_columnList[7].isNull=1&columnList[15].comments=is_head&columnList[4].delFlag=0&columnList[2].isQuery=0&columnList[8].jdbcType=int(11)&columnList[11].id=&columnList[10].isNull=1&columnList[1].isList=0&columnList[5].isNull=1&columnList[0].isPk=1&columnList[1].name=annotations&_columnList[5].isInsert=1&columnList[14].showType=input&columnList[0].dictType=&columnList[2].isEdit=1&columnList[0].isNull=0&columnList[2].sort=30&columnList[18].id=&columnList[18].genTable.id=&columnList[10].genTable.id=&columnList[8].dictType=&columnList[12].comments=type&columnList[3].javaField=attitudesCount&columnList[12].isPk=0&columnList[3].id=&columnList[18].name=top&id=&columnList[12].isList=0&columnList[13].comments=category_id&columnList[4].isPk=0&columnList[7].delFlag=0&columnList[2].delFlag=0&columnList[4].isList=0&_columnList[2].isEdit=1&columnList[14].dictType=&columnList[14].comments=profile_id&columnList[7].comments=original_pic&_columnList[5].isNull=1&columnList[17].isQuery=0&columnList[16].queryType==&columnList[3].sort=40&columnList[15].showType=select&columnList[18].delFlag=0&_columnList[6].isInsert=1&columnList[13].dictType=&_columnList[7].isEdit=1&columnList[2].javaField=attacment&columnList[7].dictType=&columnList[9].isPk=0&columnList[10].javaType=String&columnList[11].comments=thumbnail_pic&columnList[1].jdbcType=varchar(255)&columnList[16].jdbcType=longtext&columnList[6].isQuery=0&columnList[16].delFlag=0&columnList[10].id=&columnList[3].isPk=0&columnList[5].delFlag=0&columnList[10].isEdit=1&columnList[11].isPk=0&columnList[16].genTable.id=&columnList[17].showType=input&columnList[3].showType=input&columnList[4].id=&columnList[11].javaType=String&columnList[9].comments=source&columnList[3].isQuery=0&columnList[11].dictType=&columnList[17].id=&columnList[15].isEdit=1&_columnList[6].isNull=1&columnList[10].isPk=0&columnList[8].comments=reposts_count&parentTableFk=&columnList[7].genTable.id=&columnList[2].queryType==&columnList[13].delFlag=0&columnList[15].jdbcType=bit(1)&columnList[13].javaField=categoryId&_columnList[17].isInsert=1&columnList[6].isNull=1&columnList[8].isPk=0&columnList[16].showType=textarea&columnList[18].isList=0&_columnList[7].isInsert=1&_columnList[16].isEdit=1&columnList[17].genTable.id=&columnList[5].isList=0&columnList[14].isNull=0&columnList[14].jdbcType=bigint(20)&columnList[5].isPk=0&columnList[9].dictType=&_columnList[16].isInsert=1&columnList[10].delFlag=0&columnList[0].jdbcType=bigint(20)&columnList[0].sort=10&columnList[12].javaType=String&_columnList[10].isEdit=1&_columnList[0].isPk=1&columnList[11].isQuery=0&columnList[1].isNull=1&_columnList[15].isNull=1&comments=jhi_statuses&columnList[12].dictType=&columnList[13].isList=0&columnList[1].sort=20&columnList[8].javaType=String&columnList[6].queryType==&columnList[6].isPk=0&columnList[9].isInsert=1&columnList[2].showType=fileselect&columnList[7].isEdit=1&remarks=&columnList[15].isNull=1&columnList[14].genTable.id=&columnList[5].jdbcType=datetime&columnList[0].javaField=id&columnList[7].queryType==&columnList[4].isNull=0&columnList[1].dictType=&columnList[7].javaType=String&_columnList[6].isEdit=1&columnList[0].isQuery=0&columnList[16].id=&_columnList[13].isInsert=1&columnList[15].name=is_head&columnList[2].name=attacment&columnList[5].isQuery=0&columnList[1].delFlag=0&columnList[11].jdbcType=varchar(255)&columnList[11].javaField=thumbnailPic&columnList[15].javaType=String&columnList[1].genTable.id=&columnList[0].genTable.id=&columnList[13].isInsert=1&columnList[0].isList=0&columnList[1].isPk=0&columnList[7].isInsert=1&columnList[0].showType=input&columnList[18].queryType==&_columnList[16].isNull=1&columnList[1].isEdit=0&columnList[0].queryType==&columnList[9].id=&columnList[9].javaType=String&_columnList[9].isNull=1&columnList[12].isNull=0&columnList[7].jdbcType=varchar(255)&_columnList[10].isNull=1&columnList[14].isQuery=0&columnList[13].queryType==&columnList[18].javaField=top&columnList[11].isList=0&columnList[2].id=&_columnList[13].isNull=1&columnList[5].isInsert=1&_columnList[15].isInsert=1&columnList[13].javaType=Long&columnList[4].sort=50&columnList[12].sort=130&columnList[13].jdbcType=bigint(20)&columnList[3].isList=0&columnList[11].isInsert=0&columnList[7].isNull=1&columnList[16].isPk=0&columnList[16].javaField=summary&columnList[16].comments=summary&columnList[9].sort=100&columnList[6].isList=0&parentTable=&columnList[5].dictType=&columnList[17].name=tags&columnList[1].isInsert=0&columnList[15].id=&columnList[5].javaField=createdDate&columnList[14].isList=0&columnList[6].sort=70&columnList[4].showType=input&_columnList[2].isNull=1&name=jhi_statuses&columnList[2].genTable.id=&columnList[8].isEdit=0&columnList[1].comments=annotations&columnList[9].jdbcType=varchar(255)&columnList[9].isQuery=0&columnList[7].javaField=originalPic&columnList[0].name=id&columnList[11].genTable.id=&columnList[18].isNull=1&columnList[9].queryType==&columnList[17].jdbcType=longtext&columnList[3].jdbcType=int(11)&columnList[5].javaType=java.util.Date&columnList[15].delFlag=0&columnList[15].genTable.id=&columnList[16].isEdit=1&columnList[9].isList=0&_columnList[17].isEdit=1&columnList[9].javaField=source&columnList[15].isInsert=1&columnList[5].queryType==&columnList[13].isQuery=0&columnList[1].id=&columnList[17].isList=0&columnList[14].isPk=0&columnList[6].comments=middle_pic&columnList[11].delFlag=0&columnList[15].isQuery=0&columnList[5].name=created_date&columnList[15].queryType==&columnList[13].isEdit=1&columnList[13].showType=select&columnList[5].comments=created_date&columnList[6].showType=input&columnList[15].dictType=&columnList[4].queryType==&columnList[0].javaType=Long&columnList[8].sort=90&columnList[8].isNull=0&columnList[14].javaField=profileId&columnList[7].id=&columnList[4].comments=comments_count&columnList[10].sort=110&columnList[11].isNull=0&columnList[14].id=&columnList[10].isQuery=0&columnList[18].jdbcType=int(11)&columnList[5].genTable.id=&columnList[4].genTable.id=&columnList[7].showType=fileselect&columnList[7].isList=0&columnList[4].javaField=commentsCount&className=JhiStatuses&columnList[18].isPk=0&columnList[0].delFlag=0&columnList[18].isEdit=1&columnList[5].isEdit=0&columnList[12].showType=input&columnList[0].id=&columnList[15].javaField=isHead&columnList[3].isNull=0&columnList[13].name=category_id&columnList[16].isNull=1&columnList[17].isInsert=1&columnList[1].javaType=String&_columnList[17].isNull=1&columnList[9].showType=input&columnList[15].isList=0&columnList[17].isPk=0&columnList[4].name=comments_count&columnList[12].name=type&columnList[16].dictType=&columnList[14].queryType==&columnList[1].isQuery=0&columnList[2].isInsert=1&columnList[12].isQuery=0&columnList[18].isQuery=0&columnList[18].javaType=String&columnList[4].dictType=&columnList[11].name=thumbnail_pic&columnList[14].delFlag=0&columnList[18].dictType=&columnList[2].comments=attacment&columnList[4].isEdit=0&columnList[12].genTable.id=&_columnList[10].isInsert=1&columnList[17].isNull=1&columnList[10].showType=textarea&columnList[3].javaType=String&columnList[3].isInsert=0&columnList[14].sort=150&columnList[17].dictType=&columnList[9].name=source&_columnList[18].isNull=1&columnList[17].comments=tags&columnList[17].sort=180&columnList[2].isList=0&columnList[11].queryType==&columnList[4].isQuery=0&columnList[6].name=middle_pic&columnList[3].genTable.id=&columnList[13].id=&_columnList[9].isEdit=1&columnList[13].genTable.id=&columnList[4].isInsert=0&columnList[7].isQuery=0&columnList[18].isInsert=1&columnList[2].javaType=String&columnList[8].showType=input&columnList[8].id=&columnList[7].name=original_pic&columnList[6].delFlag=0&columnList[8].queryType==&columnList[10].name=text&columnList[16].sort=170&columnList[9].delFlag=0&columnList[9].isNull=1&columnList[17].javaType=String&columnList[10].isList=0&columnList[3].dictType=&columnList[3].comments=attitudes_count&_columnList[13].isEdit=1&columnList[12].isEdit=0&columnList[18].comments=top&columnList[8].name=reposts_count&columnList[8].javaField=repostsCount&_columnList[2].isInsert=1&columnList[11].showType=input&columnList[15].sort=160',''),('20e22f4fa92b4e9686ca00506d34183d','1','内容管理-行业资讯-资讯分类','942475a82d4c4d059191e32b5e17c207','2016-05-03 17:04:40','127.0.0.1','Mozilla/5.0 (X11; Ubuntu; Linux x86_64; rv:43.0) Gecko/20100101 Firefox/43.0','/seedmng/a/statuses/jhiStatusCategory','GET','tabPageId=jerichotabiframe_1',''),('21b31176be8d4f049066e14f0646f125','1','内容管理-内容管理','1','2016-04-29 16:20:51','127.0.0.1','Mozilla/5.0 (X11; Ubuntu; Linux x86_64; rv:43.0) Gecko/20100101 Firefox/43.0','/jeesite/a/cms/none','GET','',''),('21d5d7cea4834ffb9e3dc708192b2c2d','1','代码生成-代码生成-生成方案配置','1','2016-04-29 16:38:44','127.0.0.1','Mozilla/5.0 (X11; Ubuntu; Linux x86_64; rv:43.0) Gecko/20100101 Firefox/43.0','/jeesite/a/gen/genScheme','GET','tabPageId=jerichotabiframe_5',''),('22088e4c1ec440edbc1aa246b7bdd95c','1','内容管理-行业资讯-行业内容-查看','942475a82d4c4d059191e32b5e17c207','2016-05-03 18:11:32','127.0.0.1','Mozilla/5.0 (X11; Ubuntu; Linux x86_64; rv:43.0) Gecko/20100101 Firefox/43.0','/seedmng/a/statuses/jhiStatuses/form','GET','id=2',''),('2379b4d06f53440b955a3fff83e89195','1','内容管理-行业资讯-行业内容-编辑','942475a82d4c4d059191e32b5e17c207','2016-05-03 19:20:29','127.0.0.1','Mozilla/5.0 (X11; Ubuntu; Linux x86_64; rv:43.0) Gecko/20100101 Firefox/43.0','/seedmng/a/statuses/jhiStatuses/save','POST','summary=分阿斯顿发射的发射的分&category.name=圈子乱弹&isHead=1&source=发达是&category.id=4&title=发射的发射的&originalPic=&content=发达散发的撒分&tags=范德萨分&attacment=&top=0&_top=on&id=',''),('25da68b4bc1143299bcdecc5bd876c16','1','内容管理-行业资讯-行业内容-查看','1','2016-05-03 15:48:19','127.0.0.1','Mozilla/5.0 (X11; Ubuntu; Linux x86_64; rv:43.0) Gecko/20100101 Firefox/43.0','/seedmng/a/statuses/jhiStatuses/form','GET','id=1',''),('262a4990dcf944f086cdcf2a0b03780b','1','内容管理-行业资讯-行业内容','1','2016-04-29 16:39:35','127.0.0.1','Mozilla/5.0 (X11; Ubuntu; Linux x86_64; rv:43.0) Gecko/20100101 Firefox/43.0','/jeesite/a/statuses/jhiStatuses','GET','tabPageId=jerichotabiframe_11',''),('26abf4e549d6436b9f6ed3ac13272d9a','1','系统设置-系统设置-菜单管理-修改','1','2016-04-29 15:07:45','127.0.0.1','Mozilla/5.0 (X11; Ubuntu; Linux x86_64; rv:43.0) Gecko/20100101 Firefox/43.0','/jeesite/a/sys/menu/save','POST','parent.name=资讯分类&name=修改&icon=&parent.id=1abe6c0febab4060923b456038d3d929&permission=statuses.jhistatuescategory.edit&id=&href=&sort=30&remarks=&target=&isShow=0',''),('270f51d54133418cbcba3c95311ca45d','1','内容管理-行业资讯-资讯分类-查询','1','2016-04-29 21:19:26','127.0.0.1','Mozilla/5.0 (X11; Ubuntu; Linux x86_64; rv:43.0) Gecko/20100101 Firefox/43.0','/jeesite/a/statuses/jhiStatusCategory/','POST','name=&pageSize=30&pageNo=1',''),('27261bd8773b403a9bda1f422338d0e7','1','系统登录','1','2016-05-05 16:48:18','127.0.0.1','Mozilla/5.0 (X11; Ubuntu; Linux x86_64; rv:43.0) Gecko/20100101 Firefox/43.0','/seedmng/a/gen/genTable','GET','tabPageId=jerichotabiframe_15',''),('293129643ffa41bf95492ac2d5bac151','1','内容管理-内容管理','1','2016-04-29 15:01:27','127.0.0.1','Mozilla/5.0 (X11; Ubuntu; Linux x86_64; rv:43.0) Gecko/20100101 Firefox/43.0','/jeesite/a/cms/none','GET','',''),('29868ee6f83641fd81420f7c4df3ec7f','1','系统设置-系统设置-菜单管理-查看','1','2016-04-29 15:24:14','127.0.0.1','Mozilla/5.0 (X11; Ubuntu; Linux x86_64; rv:43.0) Gecko/20100101 Firefox/43.0','/jeesite/a/sys/menu/form','GET','parent.id=9072e6356cdb450ca088004c5b112499',''),('2a154255ade247f4b6a070dd89c7b83d','1','系统设置-机构用户-用户管理-查看','1','2016-05-05 15:50:11','127.0.0.1','Mozilla/5.0 (X11; Ubuntu; Linux x86_64; rv:43.0) Gecko/20100101 Firefox/43.0','/seedmng/a/sys/user/list','GET','',''),('2a4d3a44f1c14030a69c3db5a457bc21','1','系统设置-系统设置-角色管理','1','2016-05-05 17:15:33','127.0.0.1','Mozilla/5.0 (X11; Ubuntu; Linux x86_64; rv:43.0) Gecko/20100101 Firefox/43.0','/seedmng/a/sys/role/','GET','repage=',''),('2a939e3c95c149f0b90c76537c921cbe','1','系统登录','942475a82d4c4d059191e32b5e17c207','2016-05-03 17:44:31','127.0.0.1','Mozilla/5.0 (X11; Ubuntu; Linux x86_64; rv:43.0) Gecko/20100101 Firefox/43.0','/seedmng/a','GET','login=',''),('2bb72d19559d47378ef386067fe5ede9','1','内容管理-行业资讯-行业内容','1','2016-04-29 15:28:05','127.0.0.1','Mozilla/5.0 (X11; Ubuntu; Linux x86_64; rv:43.0) Gecko/20100101 Firefox/43.0','/jeesite/a/statuses/jhiStatuses','GET','tabPageId=jerichotabiframe_4',''),('2bf39e4f066649c395513c88b0ced0c6','1','内容管理-行业资讯-行业内容','1','2016-05-03 13:59:15','127.0.0.1','Mozilla/5.0 (X11; Ubuntu; Linux x86_64; rv:43.0) Gecko/20100101 Firefox/43.0','/seedmng/a/statuses/jhiStatuses','GET','tabPageId=jerichotabiframe_4',''),('2c0eb0149ff94a85ac12849c5f0638b2','1','系统登录','942475a82d4c4d059191e32b5e17c207','2016-05-03 18:38:25','127.0.0.1','Mozilla/5.0 (X11; Ubuntu; Linux x86_64; rv:43.0) Gecko/20100101 Firefox/43.0','/seedmng/a/tag/treeselect','GET','___t0.7632695398647071=&module=&checked=&isAll=&extId=&url=/statuses/jhiStatusCategory/treeData',''),('2c38f94c28b7435c91883c94fcd6b278','1','内容管理-内容管理-内容发布-文章模型-查看','1','2016-04-29 15:39:27','127.0.0.1','Mozilla/5.0 (X11; Ubuntu; Linux x86_64; rv:43.0) Gecko/20100101 Firefox/43.0','/jeesite/a/cms/article/selectList','GET','pageSize=8&___t0.10357896146072287=',''),('2c471d892d7f426eb4c1e07fbaaa8749','1','内容管理-行业资讯-行业内容-查看','1','2016-04-29 21:19:31','127.0.0.1','Mozilla/5.0 (X11; Ubuntu; Linux x86_64; rv:43.0) Gecko/20100101 Firefox/43.0','/jeesite/a/statuses/jhiStatuses/form','GET','',''),('2ce87bcc1f6143ed87c1a3d53dd5cd18','1','代码生成-代码生成-生成方案配置','1','2016-04-29 16:40:32','127.0.0.1','Mozilla/5.0 (X11; Ubuntu; Linux x86_64; rv:43.0) Gecko/20100101 Firefox/43.0','/jeesite/a/gen/genScheme','GET','tabPageId=jerichotabiframe_13',''),('2d9f121e8e5740839c15ead53dd0039b','1','内容管理-行业资讯-资讯分类-查询','1','2016-04-29 18:01:11','127.0.0.1','Mozilla/5.0 (X11; Ubuntu; Linux x86_64; rv:43.0) Gecko/20100101 Firefox/43.0','/jeesite/a/statuses/jhiStatusCategory/form','GET','',''),('2dcb9878102e447ca95d4d633cb85bd1','1','内容管理-内容管理-内容发布-文章模型-查看','1','2016-05-05 10:27:31','127.0.0.1','Mozilla/5.0 (X11; Ubuntu; Linux x86_64; rv:43.0) Gecko/20100101 Firefox/43.0','/seedmng/a/cms/article/findByIds','GET','ids=',''),('2e93644b509144dc9c09ffe8ef2014e9','1','系统设置-机构用户-机构管理-查看','1','2016-05-03 16:15:44','127.0.0.1','Mozilla/5.0 (X11; Ubuntu; Linux x86_64; rv:43.0) Gecko/20100101 Firefox/43.0','/seedmng/a/sys/office/form','GET','id=1',''),('2f732841720a4f0e91b295d91cd9c5d7','1','内容管理-行业资讯-行业内容','1','2016-05-03 13:57:51','127.0.0.1','Mozilla/5.0 (X11; Ubuntu; Linux x86_64; rv:43.0) Gecko/20100101 Firefox/43.0','/seedmng/a/statuses/jhiStatuses','GET','tabPageId=jerichotabiframe_3',''),('2fd299ad75ab46259e57833ec515db9b','1','内容管理-行业资讯-资讯分类','1','2016-05-03 15:19:43','127.0.0.1','Mozilla/5.0 (X11; Ubuntu; Linux x86_64; rv:43.0) Gecko/20100101 Firefox/43.0','/seedmng/a/statuses/jhiStatusCategory','GET','tabPageId=jerichotabiframe_3',''),('32227a5a17ab4bc88e7270e6c2a85e7c','1','内容管理-行业资讯-行业内容','1','2016-05-05 17:41:28','127.0.0.1','Mozilla/5.0 (X11; Ubuntu; Linux x86_64; rv:43.0) Gecko/20100101 Firefox/43.0','/seedmng/a/statuses/jhiStatuses','GET','tabPageId=jerichotabiframe_5',''),('326f7996fbac4f3090649c0de10ee02e','1','内容管理-行业资讯-资讯分类','1','2016-04-29 20:25:22','127.0.0.1','Mozilla/5.0 (X11; Ubuntu; Linux x86_64; rv:43.0) Gecko/20100101 Firefox/43.0','/jeesite/a/statuses/jhiStatusCategory','GET','tabPageId=jerichotabiframe_22',''),('3334a20561274a3bb3009574654cbdd8','1','系统设置-系统设置-菜单管理','1','2016-05-05 17:14:05','127.0.0.1','Mozilla/5.0 (X11; Ubuntu; Linux x86_64; rv:43.0) Gecko/20100101 Firefox/43.0','/seedmng/a/sys/menu/','GET','',''),('3378fa731ed649c1a74a8230b9b4f7a0','1','系统登录','1','2016-05-03 16:13:48','127.0.0.1','Mozilla/5.0 (X11; Ubuntu; Linux x86_64; rv:43.0) Gecko/20100101 Firefox/43.0','/seedmng/a','GET','login=',''),('33fe725b2b814f8da40884474527e069','1','系统登录','1','2016-05-05 17:18:44','127.0.0.1','Mozilla/5.0 (X11; Ubuntu; Linux x86_64; rv:43.0) Gecko/20100101 Firefox/43.0','/seedmng/a','GET','login=',''),('34d8798f8ecb4617a1934f34fb5907ed','1','系统设置-机构用户-用户管理','1','2016-05-03 15:01:03','127.0.0.1','Mozilla/5.0 (X11; Ubuntu; Linux x86_64; rv:43.0) Gecko/20100101 Firefox/43.0','/seedmng/a/sys/user/index','GET','tabPageId=jerichotabiframe_1',''),('35261d9b100b4ca78dc23c5cd38cb87f','1','内容管理-行业资讯-行业内容-查看','1','2016-05-03 15:15:06','127.0.0.1','Mozilla/5.0 (X11; Ubuntu; Linux x86_64; rv:43.0) Gecko/20100101 Firefox/43.0','/seedmng/a/statuses/jhiStatuses/form','GET','id=',''),('359f9f2eefc449b2a470f8859246e7b2','1','我的面板-个人信息-个人信息','1','2016-05-03 16:22:04','127.0.0.1','Mozilla/5.0 (X11; Ubuntu; Linux x86_64; rv:43.0) Gecko/20100101 Firefox/43.0','/seedmng/a/sys/user/info','GET','tabPageId=jerichotabiframe_0',''),('360bbeff3f0e401e8480347e4c4d6ea3','1','内容管理-行业资讯-行业内容','1','2016-04-29 15:31:43','127.0.0.1','Mozilla/5.0 (X11; Ubuntu; Linux x86_64; rv:43.0) Gecko/20100101 Firefox/43.0','/jeesite/a/statuses/jhiStatuses','GET','tabPageId=jerichotabiframe_4',''),('36525c10f5624848972c57082211eae7','1','系统设置-机构用户-用户管理-查看','1','2016-05-03 16:14:12','127.0.0.1','Mozilla/5.0 (X11; Ubuntu; Linux x86_64; rv:43.0) Gecko/20100101 Firefox/43.0','/seedmng/a/sys/user/list','GET','office.id=7&office.name=济南市分公司',''),('3671765c89814155b78ff19cf1bff264','1','代码生成-代码生成-业务表配置','1','2016-05-05 15:54:15','127.0.0.1','Mozilla/5.0 (X11; Ubuntu; Linux x86_64; rv:43.0) Gecko/20100101 Firefox/43.0','/seedmng/a/gen/genTable','GET','tabPageId=jerichotabiframe_4',''),('369c2ebe7d4f44e192b5344aedbc1182','1','内容管理-行业资讯-资讯分类-查询','1','2016-05-03 10:58:09','127.0.0.1','Mozilla/5.0 (X11; Ubuntu; Linux x86_64; rv:43.0) Gecko/20100101 Firefox/43.0','/jeesite/a/statuses/jhiStatusCategory/','GET','repage=',''),('37746f4f1f9d40d0b3b4c5399d75f9aa','1','系统设置-系统设置-菜单管理-查看','1','2016-04-29 15:27:25','127.0.0.1','Mozilla/5.0 (X11; Ubuntu; Linux x86_64; rv:43.0) Gecko/20100101 Firefox/43.0','/jeesite/a/sys/menu/form','GET','id=9072e6356cdb450ca088004c5b112499',''),('388d62f96d1f4648a15af8b574864cf8','1','系统设置-机构用户-机构管理-查看','1','2016-05-03 16:14:21','127.0.0.1','Mozilla/5.0 (X11; Ubuntu; Linux x86_64; rv:43.0) Gecko/20100101 Firefox/43.0','/seedmng/a/sys/office/list','GET','parentIds=&id=',''),('38fd39055361460f9fef3e6413f114ac','1','内容管理-内容管理-内容发布','1','2016-04-29 15:01:27','127.0.0.1','Mozilla/5.0 (X11; Ubuntu; Linux x86_64; rv:43.0) Gecko/20100101 Firefox/43.0','/jeesite/a/cms/','GET','tabPageId=jerichotabiframe_12',''),('3936b0346e8f4dcf8505c534aee0e173','1','内容管理-行业资讯-行业内容-查看','942475a82d4c4d059191e32b5e17c207','2016-05-03 16:26:59','127.0.0.1','Mozilla/5.0 (X11; Ubuntu; Linux x86_64; rv:43.0) Gecko/20100101 Firefox/43.0','/seedmng/a/statuses/jhiStatuses/form','GET','',''),('3a5eea38ada04333a534eec55d66efa7','1','内容管理-行业资讯-资讯分类-查询','942475a82d4c4d059191e32b5e17c207','2016-05-03 16:26:47','127.0.0.1','Mozilla/5.0 (X11; Ubuntu; Linux x86_64; rv:43.0) Gecko/20100101 Firefox/43.0','/seedmng/a/statuses/jhiStatusCategory/','GET','',''),('3ae3e480654c4cdd879ab74f19f72f61','1','内容管理-行业资讯-行业内容','1','2016-04-29 21:17:24','127.0.0.1','Mozilla/5.0 (X11; Ubuntu; Linux x86_64; rv:43.0) Gecko/20100101 Firefox/43.0','/jeesite/a/statuses/jhiStatuses','GET','tabPageId=jerichotabiframe_30',''),('3b32b17b6fc74413a0c7b512cecd085a','1','内容管理-行业资讯-行业内容-查看','942475a82d4c4d059191e32b5e17c207','2016-05-03 18:11:54','127.0.0.1','Mozilla/5.0 (X11; Ubuntu; Linux x86_64; rv:43.0) Gecko/20100101 Firefox/43.0','/seedmng/a/statuses/jhiStatuses/form','GET','id=4',''),('3bc400d5cc9a4a7595b2b4ea28bb6df6','1','内容管理-行业资讯-资讯分类','942475a82d4c4d059191e32b5e17c207','2016-05-03 16:36:55','127.0.0.1','Mozilla/5.0 (X11; Ubuntu; Linux x86_64; rv:43.0) Gecko/20100101 Firefox/43.0','/seedmng/a/statuses/jhiStatusCategory','GET','tabPageId=jerichotabiframe_1',''),('3c97b0e884834bd1999c6000c9b41404','1','系统登录','1','2016-04-29 15:45:48','127.0.0.1','Mozilla/5.0 (X11; Ubuntu; Linux x86_64; rv:43.0) Gecko/20100101 Firefox/43.0','/jeesite/a/sys/menu/tree','GET','parentId=79',''),('3dbd03b055dd4450a8ccaf6f02b1b8e9','1','内容管理-行业资讯-行业内容-查看','1','2016-04-29 18:14:20','127.0.0.1','Mozilla/5.0 (X11; Ubuntu; Linux x86_64; rv:43.0) Gecko/20100101 Firefox/43.0','/jeesite/a/statuses/jhiStatuses/form','GET','',''),('3ded9afca9a145f2bbdf01fb9a240eca','1','系统设置-机构用户-用户管理-修改','1','2016-05-03 16:20:47','127.0.0.1','Mozilla/5.0 (X11; Ubuntu; Linux x86_64; rv:43.0) Gecko/20100101 Firefox/43.0','/seedmng/a/sys/user/save','POST','confirmNewPassword=&no=100101&office.id=6&roleIdList=1&_roleIdList=on&mobile=&photo=&newPassword=&oldLoginName=&loginFlag=1&company.id=1&phone=&office.name=研发部&loginName=lvlin&name=吕琳&id=&company.name=总公司&userType=1&email=&remarks=',''),('3e1591afbf4449c0acbf35e912603eab','1','系统登录','1','2016-05-03 15:00:58','127.0.0.1','Mozilla/5.0 (X11; Ubuntu; Linux x86_64; rv:43.0) Gecko/20100101 Firefox/43.0','/seedmng/a','GET','login=',''),('3f10191f5dfd4b18b91dae60b5931b8c','1','代码生成-代码生成-业务表配置','1','2016-04-29 16:40:30','127.0.0.1','Mozilla/5.0 (X11; Ubuntu; Linux x86_64; rv:43.0) Gecko/20100101 Firefox/43.0','/jeesite/a/gen/genTable','GET','tabPageId=jerichotabiframe_12',''),('3f11dc7faa394bf593c3a1df649ded23','1','我的面板-个人信息-个人信息','1','2016-04-29 17:55:03','127.0.0.1','Mozilla/5.0 (X11; Ubuntu; Linux x86_64; rv:43.0) Gecko/20100101 Firefox/43.0','/jeesite/a/sys/user/info','GET','tabPageId=jerichotabiframe_0',''),('4148f933ba9b4715b3f0fc7693064c0b','1','内容管理-内容管理','1','2016-05-03 13:13:12','127.0.0.1','Mozilla/5.0 (X11; Ubuntu; Linux x86_64; rv:43.0) Gecko/20100101 Firefox/43.0','/seedmng/a/cms/none','GET','',''),('419596166c2c4825a0350471918a9068','1','系统设置-系统设置-角色管理-查看','1','2016-05-05 17:15:18','127.0.0.1','Mozilla/5.0 (X11; Ubuntu; Linux x86_64; rv:43.0) Gecko/20100101 Firefox/43.0','/seedmng/a/sys/role/form','GET','id=4',''),('41ad06235b0f4a6abf7624104fdfc33a','1','系统设置-系统设置-菜单管理','1','2016-04-29 15:27:43','127.0.0.1','Mozilla/5.0 (X11; Ubuntu; Linux x86_64; rv:43.0) Gecko/20100101 Firefox/43.0','/jeesite/a/sys/menu/','GET','',''),('41fb467e4fa4442683bf771e82b465b6','1','内容管理-内容管理','1','2016-05-05 15:50:13','127.0.0.1','Mozilla/5.0 (X11; Ubuntu; Linux x86_64; rv:43.0) Gecko/20100101 Firefox/43.0','/seedmng/a/cms/tree','GET','',''),('4229f298688d40e5afa502fde8020145','1','我的面板-个人信息-个人信息','1','2016-04-29 16:20:49','127.0.0.1','Mozilla/5.0 (X11; Ubuntu; Linux x86_64; rv:43.0) Gecko/20100101 Firefox/43.0','/jeesite/a/sys/user/info','GET','tabPageId=jerichotabiframe_0',''),('42ebded2a7b5468385ba205389db41f7','1','系统设置-系统设置-角色管理-查看','1','2016-05-03 16:22:17','127.0.0.1','Mozilla/5.0 (X11; Ubuntu; Linux x86_64; rv:43.0) Gecko/20100101 Firefox/43.0','/seedmng/a/sys/role/form','GET','id=4',''),('45824af51db3468daf35fe067f89ec5d','1','内容管理-内容管理','1','2016-05-03 11:00:29','127.0.0.1','Mozilla/5.0 (X11; Ubuntu; Linux x86_64; rv:43.0) Gecko/20100101 Firefox/43.0','/jeesite/a/cms/none','GET','',''),('45fe6ec71f37401f84d8877dd7ec7dbf','1','内容管理-内容管理','1','2016-05-05 10:27:23','127.0.0.1','Mozilla/5.0 (X11; Ubuntu; Linux x86_64; rv:43.0) Gecko/20100101 Firefox/43.0','/seedmng/a/cms/tree','GET','',''),('462f8c6fc2c54e5fb69483a1bbc0a46a','1','我的面板-个人信息-个人信息','1','2016-05-05 10:33:48','127.0.0.1','Mozilla/5.0 (X11; Ubuntu; Linux x86_64; rv:43.0) Gecko/20100101 Firefox/43.0','/seedmng/a/sys/user/info','GET','tabPageId=jerichotabiframe_0',''),('46d8f72727464f1e86c84e108f2c704c','1','系统登录','942475a82d4c4d059191e32b5e17c207','2016-05-03 19:24:01','127.0.0.1','Mozilla/5.0 (X11; Ubuntu; Linux x86_64; rv:43.0) Gecko/20100101 Firefox/43.0','/seedmng/a/statuses/jhiStatuses/form','GET','',''),('475f7fe24345438d8d8cc219fcfd56d3','1','内容管理-行业资讯-行业内容','1','2016-05-03 16:22:57','127.0.0.1','Mozilla/5.0 (X11; Ubuntu; Linux x86_64; rv:43.0) Gecko/20100101 Firefox/43.0','/seedmng/a/statuses/jhiStatuses','GET','tabPageId=jerichotabiframe_5',''),('47c5fe173fd242eb8f13c246c2354c20','1','系统登录','1','2016-04-29 18:19:46','127.0.0.1','Mozilla/5.0 (X11; Ubuntu; Linux x86_64; rv:43.0) Gecko/20100101 Firefox/43.0','/jeesite/a/statuses/jhiStatuses','GET','tabPageId=jerichotabiframe_13',''),('490eea15771a4d248d0cde85235755c1','1','内容管理-行业资讯-行业内容-查看','1','2016-04-29 15:31:47','127.0.0.1','Mozilla/5.0 (X11; Ubuntu; Linux x86_64; rv:43.0) Gecko/20100101 Firefox/43.0','/jeesite/a/statuses/jhiStatuses/form','GET','',''),('4954b04b3bbd4fd2a522371aec37c897','1','内容管理-行业资讯-资讯分类-查询','1','2016-04-29 15:29:24','127.0.0.1','Mozilla/5.0 (X11; Ubuntu; Linux x86_64; rv:43.0) Gecko/20100101 Firefox/43.0','/jeesite/a/statuses/jhiStatusCategory/form','GET','',''),('4ac68ad401314afa881b3569a3c4be01','1','内容管理-行业资讯-行业内容-查看','1','2016-05-03 15:13:47','127.0.0.1','Mozilla/5.0 (X11; Ubuntu; Linux x86_64; rv:43.0) Gecko/20100101 Firefox/43.0','/seedmng/a/statuses/jhiStatuses/form','GET','id=',''),('4bd4a2fb76884fa8a7a089cabe2d7891','1','系统设置-系统设置-角色管理-修改','1','2016-05-03 16:19:00','127.0.0.1','Mozilla/5.0 (X11; Ubuntu; Linux x86_64; rv:43.0) Gecko/20100101 Firefox/43.0','/seedmng/a/sys/role/delete','GET','id=7',''),('4c0b7da3a27a4fb7beecb58b77234782','1','内容管理-行业资讯-行业内容-查看','1','2016-04-29 21:21:11','127.0.0.1','Mozilla/5.0 (X11; Ubuntu; Linux x86_64; rv:43.0) Gecko/20100101 Firefox/43.0','/jeesite/a/statuses/jhiStatuses/form','GET','',''),('4cd90c100ffa417ebadcd9245eb9030b','1','内容管理-行业资讯-资讯分类','942475a82d4c4d059191e32b5e17c207','2016-05-03 16:26:42','127.0.0.1','Mozilla/5.0 (X11; Ubuntu; Linux x86_64; rv:43.0) Gecko/20100101 Firefox/43.0','/seedmng/a/statuses/jhiStatusCategory','GET','tabPageId=jerichotabiframe_1',''),('4d18c96fadaf4fa58c3afc01fed81208','1','内容管理-行业资讯-资讯分类-查询','1','2016-05-03 15:19:49','127.0.0.1','Mozilla/5.0 (X11; Ubuntu; Linux x86_64; rv:43.0) Gecko/20100101 Firefox/43.0','/seedmng/a/statuses/jhiStatusCategory/','GET','repage=',''),('4d58ef7aaf6e43568d34640f1f62fa07','1','系统设置-系统设置-菜单管理-查看','1','2016-04-29 15:07:58','127.0.0.1','Mozilla/5.0 (X11; Ubuntu; Linux x86_64; rv:43.0) Gecko/20100101 Firefox/43.0','/jeesite/a/sys/menu/form','GET','parent.id=1abe6c0febab4060923b456038d3d929',''),('4e091ed4f46149619c7d50e7fdefaf4f','1','系统设置-机构用户-用户管理','1','2016-05-05 17:14:37','127.0.0.1','Mozilla/5.0 (X11; Ubuntu; Linux x86_64; rv:43.0) Gecko/20100101 Firefox/43.0','/seedmng/a/sys/user/index','GET','tabPageId=jerichotabiframe_4',''),('4e1f9957d48a4bf3a7ff85ebd78fa17b','1','系统设置-机构用户-机构管理','1','2016-05-03 16:14:20','127.0.0.1','Mozilla/5.0 (X11; Ubuntu; Linux x86_64; rv:43.0) Gecko/20100101 Firefox/43.0','/seedmng/a/sys/office/','GET','tabPageId=jerichotabiframe_3',''),('4ea0427dba744ea891de94b520474683','1','系统设置-系统设置-菜单管理-查看','1','2016-04-29 15:03:57','127.0.0.1','Mozilla/5.0 (X11; Ubuntu; Linux x86_64; rv:43.0) Gecko/20100101 Firefox/43.0','/jeesite/a/sys/menu/form','GET','id=9072e6356cdb450ca088004c5b112499',''),('511c46a4ba8d436f99d827afa74c6f0d','1','系统设置-系统设置-角色管理-查看','1','2016-05-03 16:19:23','127.0.0.1','Mozilla/5.0 (X11; Ubuntu; Linux x86_64; rv:43.0) Gecko/20100101 Firefox/43.0','/seedmng/a/sys/role/form','GET','id=4',''),('518f7854fdcc48a3871aa379c4f4e438','1','内容管理-行业资讯-资讯分类-查询','1','2016-05-03 10:57:51','127.0.0.1','Mozilla/5.0 (X11; Ubuntu; Linux x86_64; rv:43.0) Gecko/20100101 Firefox/43.0','/jeesite/a/statuses/jhiStatusCategory/form','GET','',''),('52b2d183cf2a460aa35cf6be49289a26','1','系统设置-系统设置-菜单管理','1','2016-04-29 15:14:15','127.0.0.1','Mozilla/5.0 (X11; Ubuntu; Linux x86_64; rv:43.0) Gecko/20100101 Firefox/43.0','/jeesite/a/sys/menu/','GET','',''),('52beba7ab2b949d08d83e6337255ec74','1','内容管理-内容管理','1','2016-04-29 16:23:08','127.0.0.1','Mozilla/5.0 (X11; Ubuntu; Linux x86_64; rv:43.0) Gecko/20100101 Firefox/43.0','/jeesite/a/cms/none','GET','',''),('532facff8ace4a2194872adbac162fe1','1','内容管理-行业资讯-行业内容','1','2016-04-29 16:22:15','127.0.0.1','Mozilla/5.0 (X11; Ubuntu; Linux x86_64; rv:43.0) Gecko/20100101 Firefox/43.0','/jeesite/a/statuses/jhiStatuses','GET','tabPageId=jerichotabiframe_5',''),('53e70bfc59954ac2bf1675c2394ede22','1','系统登录','1','2016-05-03 15:43:14','127.0.0.1','Mozilla/5.0 (X11; Ubuntu; Linux x86_64; rv:43.0) Gecko/20100101 Firefox/43.0','/seedmng/a/statuses/jhiStatuses/save','POST','summary=七七及开发急啊第十六届发卡来设定激发卡及对方附加阿达上来讲发卡来设定激发\r\n附加阿斯顿看了几法拉收...&category.name=圈子乱弹&isHead=1&source=圈子里&category.id=4&title=奇葩事情天天发生&originalPic=http://test-txhs-com.oss-cn-hangzhou.aliyuncs.com//upload/image/20160503/1462260186904086404.jpg&tags=奇葩&attacment=&top=1&_top=on&id=&text=&lt;p&gt;&amp;lt;p&amp;gt;&amp;lt;img alt=&amp;quot;3b87e950352ac65cb48ae4d2fef2b21192138a80.jpg&...',''),('53f631ea42a14d5793cfe69bfa4faa5a','1','系统设置-系统设置-菜单管理','1','2016-05-05 17:12:54','127.0.0.1','Mozilla/5.0 (X11; Ubuntu; Linux x86_64; rv:43.0) Gecko/20100101 Firefox/43.0','/seedmng/a/sys/menu/','GET','',''),('5411f1c80f194ea29c29984541c6d2ec','1','系统设置-机构用户-用户管理-修改','1','2016-05-03 16:26:06','127.0.0.1','Mozilla/5.0 (X11; Ubuntu; Linux x86_64; rv:43.0) Gecko/20100101 Firefox/43.0','/seedmng/a/sys/user/save','POST','confirmNewPassword=&no=100102&office.id=2&roleIdList=4&_roleIdList=on&mobile=&photo=&newPassword=&oldLoginName=&loginFlag=1&company.id=1&phone=&office.name=公司领导&loginName=luojun&name=洛珺&id=&company.name=总公司&userType=&email=&remarks=',''),('541afb12499b4b59a58bc39a1aa5c587','1','内容管理-行业资讯-行业内容-查看','1','2016-05-03 15:13:14','127.0.0.1','Mozilla/5.0 (X11; Ubuntu; Linux x86_64; rv:43.0) Gecko/20100101 Firefox/43.0','/seedmng/a/statuses/jhiStatuses/form','GET','',''),('5500a0794e624e5ea284ab9de15137d2','1','内容管理-行业资讯-行业内容-查看','942475a82d4c4d059191e32b5e17c207','2016-05-03 17:34:37','127.0.0.1','Mozilla/5.0 (X11; Ubuntu; Linux x86_64; rv:43.0) Gecko/20100101 Firefox/43.0','/seedmng/a/statuses/jhiStatuses/form','GET','',''),('55c3ba3f76134577b8160b525b712b82','1','系统设置-系统设置-菜单管理-修改','1','2016-04-29 15:14:15','127.0.0.1','Mozilla/5.0 (X11; Ubuntu; Linux x86_64; rv:43.0) Gecko/20100101 Firefox/43.0','/jeesite/a/sys/menu/save','POST','parent.name=资讯分类&name=修改&icon=&parent.id=1abe6c0febab4060923b456038d3d929&permission=statuses:jhiStatusCategory:edit&id=442eca52d9f94fc3be5ad90ac0120be9&href=&sort=30&remarks=&target=&isShow=0',''),('561ed62621aa4479859ff7ba10a2d2e2','1','内容管理-行业资讯-行业内容-查看','1','2016-04-29 18:20:51','127.0.0.1','Mozilla/5.0 (X11; Ubuntu; Linux x86_64; rv:43.0) Gecko/20100101 Firefox/43.0','/jeesite/a/statuses/jhiStatuses/form','GET','',''),('575f56c13bf549c794584161b83a37ef','1','内容管理-行业资讯-行业内容','1','2016-05-05 15:50:23','127.0.0.1','Mozilla/5.0 (X11; Ubuntu; Linux x86_64; rv:43.0) Gecko/20100101 Firefox/43.0','/seedmng/a/statuses/jhiStatuses','GET','tabPageId=jerichotabiframe_3',''),('57cb9ffd39ed46fbb6ce345605ef8c14','1','系统登录','1','2016-05-03 13:57:51','127.0.0.1','Mozilla/5.0 (X11; Ubuntu; Linux x86_64; rv:43.0) Gecko/20100101 Firefox/43.0','/seedmng/a/statuses/jhiStatuses','GET','tabPageId=jerichotabiframe_3',''),('58077b5591e34e349e9d86ffddb7e440','1','系统登录','70262adb686d4e09a90637416213d547','2016-05-05 10:26:59','127.0.0.1','Mozilla/5.0 (X11; Ubuntu; Linux x86_64; rv:43.0) Gecko/20100101 Firefox/43.0','/seedmng/a','GET','login=',''),('580aaafacd2644c3933db7bed7d474f7','1','我的面板-个人信息-个人信息','942475a82d4c4d059191e32b5e17c207','2016-05-03 16:26:38','127.0.0.1','Mozilla/5.0 (X11; Ubuntu; Linux x86_64; rv:43.0) Gecko/20100101 Firefox/43.0','/seedmng/a/sys/user/info','GET','tabPageId=jerichotabiframe_0',''),('58ef75399356427b94eff83cd0f79fd5','1','内容管理-内容管理','1','2016-05-03 16:22:55','127.0.0.1','Mozilla/5.0 (X11; Ubuntu; Linux x86_64; rv:43.0) Gecko/20100101 Firefox/43.0','/seedmng/a/cms/none','GET','',''),('593ee2df696a4baa986a4c93cf9e045b','1','内容管理-行业资讯-资讯分类-查询','1','2016-05-03 15:19:54','127.0.0.1','Mozilla/5.0 (X11; Ubuntu; Linux x86_64; rv:43.0) Gecko/20100101 Firefox/43.0','/seedmng/a/statuses/jhiStatusCategory/','GET','repage=',''),('59d41c674e06495c80b99dac61ab83e8','1','内容管理-内容管理','1','2016-05-03 11:52:32','127.0.0.1','Mozilla/5.0 (X11; Ubuntu; Linux x86_64; rv:43.0) Gecko/20100101 Firefox/43.0','/jeesite/a/cms/none','GET','',''),('59edef35a4a14b79b86ea85637fad45e','1','系统登录','1','2016-05-03 15:38:01','127.0.0.1','Mozilla/5.0 (X11; Ubuntu; Linux x86_64; rv:43.0) Gecko/20100101 Firefox/43.0','/seedmng/a/statuses/jhiStatuses/save','POST','summary=七七及开发急啊第十六届发卡来设定激发卡及对方附加阿达上来讲发卡来设定激发\r\n附加阿斯顿看了几法拉收...&category.name=圈子乱弹&isHead=1&source=圈子里&category.id=4&title=奇葩事情天天发生&originalPic=http://test-txhs-com.oss-cn-hangzhou.aliyuncs.com//upload/image/20160503/1462260186904086404.jpg&tags=奇葩&attacment=&top=1&_top=on&id=&text=&lt;p&gt;&amp;lt;p&amp;gt;&amp;lt;img alt=&amp;quot;3b87e950352ac65cb48ae4d2fef2b21192138a80.jpg&...',''),('5a903ba849084abf8035dd1a3d8d395d','1','系统登录','1','2016-04-29 16:38:05','127.0.0.1','Mozilla/5.0 (X11; Ubuntu; Linux x86_64; rv:43.0) Gecko/20100101 Firefox/43.0','/jeesite/a/gen/genTable/save','POST','columnList[17].delFlag=0&columnList[17].isEdit=1&columnList[5].id=a9c568cad6054773aad2675531f344a5&columnList[12].queryType==&columnList[18].sort=190&columnList[12].isInsert=0&columnList[7].isPk=0&columnList[5].sort=60&columnList[6].isInsert=1&columnList[1].queryType==&columnList[6].javaField=middlePic&columnList[8].isList=0&columnList[14].javaType=Long&columnList[12].jdbcType=varchar(255)&columnList[6].jdbcType=varchar(255)&columnList[8].genTable.id=788a2643aad64ce2a4cea288ad4924c5&columnList[16].isQuery=0&_columnList[18].isEdit=1&columnList[9].genTable.id=788a2643aad64ce2a4cea288ad4924c5&columnList[2].dictType=&columnList[6].isEdit=1&columnList[8].delFlag=0&columnList[16].isList=1&columnList[6].javaType=String&_columnList[9].isInsert=1&columnList[3].delFlag=0&columnList[3].name=attitudes_count&columnList[14].isEdit=0&columnList[10].jdbcType=longtext&columnList[13].sort=140&columnList[14].isInsert=0&columnList[16].javaType=String&columnList[12].id=00bda58d1c07436c80084a6dccee4726&columnList[2].isPk=0&columnList[1].showType=input&columnList[8].isInsert=0&columnList[9].isEdit=1&columnList[17].javaField=tags&columnList[18].showType=checkbox&columnList[1].javaField=annotations&_columnList[13].isQuery=1&_columnList[15].isEdit=1&_columnList[1].isNull=1&columnList[4].jdbcType=int(11)&_columnList[0].isInsert=1&columnList[4].javaType=String&columnList[0].isEdit=0&columnList[13].isNull=1&columnList[11].sort=120&columnList[10].javaField=text&_columnList[3].isList=1&columnList[2].isNull=1&_columnList[18].isInsert=1&columnList[8].isQuery=0&columnList[17].queryType==&columnList[10].queryType==&columnList[10].dictType=&columnList[6].genTable.id=788a2643aad64ce2a4cea288ad4924c5&columnList[13].isPk=0&columnList[14].name=profile_id&columnList[2].jdbcType=varchar(255)&columnList[11].isEdit=0&columnList[6].id=d6bbf1cc8697428ab4046ae2c069339e&columnList[10].comments=text&columnList[16].isInsert=1&columnList[0].comments=id&columnList[6].dictType=&columnList[3].queryType==&columnList[7].sort=80&columnList[3].isEdit=0&columnList[12].javaField=type&columnList[0].isInsert=1&columnList[5].showType=dateselect&columnList[16].name=summary&columnList[12].delFlag=0&columnList[10].isInsert=1&columnList[15].isPk=0&_columnList[7].isNull=1&columnList[15].comments=is_head&columnList[4].delFlag=0&columnList[2].isQuery=0&columnList[8].jdbcType=int(11)&columnList[11].id=32e85b058de8417da5d03ea350032ae4&columnList[10].isNull=1&columnList[1].isList=0&columnList[5].isNull=1&columnList[0].isPk=1&columnList[1].name=annotations&_columnList[5].isInsert=1&columnList[14].showType=input&columnList[0].dictType=&columnList[2].isEdit=1&columnList[0].isNull=0&columnList[2].sort=30&_columnList[13].isList=1&columnList[18].id=a6b711118bef4386886f171e8714f235&columnList[18].genTable.id=788a2643aad64ce2a4cea288ad4924c5&columnList[10].genTable.id=788a2643aad64ce2a4cea288ad4924c5&columnList[8].dictType=&columnList[12].comments=type&columnList[3].javaField=attitudesCount&columnList[12].isPk=0&columnList[3].id=a176d148fb0f4b6e8f2fe397f08b8e7c&columnList[18].name=top&id=788a2643aad64ce2a4cea288ad4924c5&columnList[12].isList=1&columnList[13].comments=category_id&columnList[4].isPk=0&columnList[7].delFlag=0&columnList[2].delFlag=0&columnList[4].isList=1&_columnList[2].isEdit=1&_columnList[9].isList=1&columnList[14].dictType=&columnList[14].comments=profile_id&columnList[7].comments=original_pic&_columnList[5].isNull=1&columnList[17].isQuery=0&columnList[16].queryType==&columnList[3].sort=40&columnList[15].showType=select&columnList[18].delFlag=0&_columnList[6].isInsert=1&columnList[13].dictType=&_columnList[7].isEdit=1&_columnList[4].isList=1&columnList[2].javaField=attacment&columnList[7].dictType=&columnList[9].isPk=0&columnList[10].javaType=String&columnList[11].comments=thumbnail_pic&columnList[1].jdbcType=varchar(255)&columnList[16].jdbcType=longtext&columnList[6].isQuery=0&columnList[16].delFlag=0&columnList[10].id=0aabf248026d48b4b16f66daa4e80d88&columnList[3].isPk=0&columnList[5].delFlag=0&columnList[10].isEdit=1&columnList[11].isPk=0&columnList[16].genTable.id=788a2643aad64ce2a4cea288ad4924c5&columnList[17].showType=input&columnList[3].showType=input&columnList[4].id=767a16320b5d463bbe31bd5ec37854ec&columnList[11].javaType=String&columnList[9].comments=source&columnList[3].isQuery=0&columnList[11].dictType=&columnList[17].id=e7725ac216d740e980e2fbc076b59827&columnList[15].isEdit=1&_columnList[6].isNull=1&columnList[10].isPk=0&columnList[8].comments=reposts_count&parentTableFk=&columnList[7].genTable.id=788a2643aad64ce2a4cea288ad4924c5&columnList[2].queryType==&columnList[13].delFlag=0&columnList[15].jdbcType=bit(1)&columnList[13].javaField=categoryId&_columnList[17].isInsert=1&columnList[6].isNull=1&columnList[8].isPk=0&columnList[16].showType=textarea&columnList[18].isList=1&_columnList[7].isInsert=1&_columnList[16].isEdit=1&columnList[17].genTable.id=788a2643aad64ce2a4cea288ad4924c5&columnList[5].isList=1&columnList[14].isNull=0&columnList[14].jdbcType=bigint(20)&_columnList[14].isList=1&columnList[5].isPk=0&columnList[9].dictType=&_columnList[16].isInsert=1&columnList[10].delFlag=0&columnList[0].jdbcType=bigint(20)&columnList[0].sort=10&columnList[12].javaType=String&_columnList[10].isEdit=1&_columnList[0].isPk=1&columnList[11].isQuery=0&columnList[1].isNull=1&_columnList[15].isNull=1&comments=jhi_statuses&columnList[12].dictType=&columnList[13].isList=1&columnList[1].sort=20&columnList[8].javaType=String&columnList[6].queryType==&columnList[6].isPk=0&columnList[9].isInsert=1&columnList[2].showType=fileselect&columnList[7].isEdit=1&remarks=&columnList[15].isNull=1&columnList[14].genTable.id=788a2643aad64ce2a4cea288ad4924c5&columnList[5].jdbcType=datetime&columnList[0].javaField=id&columnList[7].queryType==&columnList[4].isNull=0&columnList[1].dictType=&columnList[7].javaType=String&_columnList[6].isEdit=1&columnList[0].isQuery=0&columnList[16].id=3b41c96b7f554883922377602ae237ac&_columnList[13].isInsert=1&columnList[15].name=is_head&columnList[2].name=attacment&columnList[5].isQuery=0&columnList[1].delFlag=0&_columnList[5].isList=1&columnList[11].jdbcType=varchar(255)&columnList[11].javaField=thumbnailPic&columnList[15].javaType=String&columnList[1].genTable.id=788a2643aad64ce2a4cea288ad4924c5&columnList[0].genTable.id=788a2643aad64ce2a4cea288ad4924c5&columnList[13].isInsert=1&columnList[0].isList=0&columnList[1].isPk=0&columnList[7].isInsert=1&columnList[0].showType=input&columnList[18].queryType==&_columnList[16].isNull=1&columnList[1].isEdit=0&_columnList[12].isList=1&columnList[0].queryType==&columnList[9].id=3d458fce68b848eb90b0f94c7446866e&_columnList[15].isQuery=1&columnList[9].javaType=String&_columnList[9].isNull=1&columnList[12].isNull=0&columnList[7].jdbcType=varchar(255)&_columnList[10].isNull=1&columnList[14].isQuery=0&columnList[13].queryType==&columnList[18].javaField=top&columnList[11].isList=0&columnList[2].id=6fe4bcd176a3457ba84c3005e144af32&_columnList[13].isNull=1&columnList[5].isInsert=1&_columnList[15].isInsert=1&columnList[13].javaType=Long&columnList[4].sort=50&columnList[12].sort=130&columnList[13].jdbcType=bigint(20)&columnList[3].isList=1&columnList[11].isInsert=0&columnList[7].isNull=1&columnList[16].isPk=0&columnList[16].javaField=summary&columnList[16].comments=summary&columnList[9].sort=100&_columnList[15].isList=1&columnList[6].isList=0&parentTable=&columnList[5].dictType=&columnList[17].name=tags&columnList[1].isInsert=0&columnList[15].id=92ba7e1ae6d94cc3afe03392309d479c&columnList[5].javaField=createdDate&columnList[14].isList=1&columnList[6].sort=70&columnList[4].showType=input&_columnList[2].isNull=1&name=jhi_statuses&columnList[2].genTable.id=788a2643aad64ce2a4cea288ad4924c5&columnList[8].isEdit=0&columnList[1].comments=annotations&columnList[9].jdbcType=varchar(255)&columnList[9].isQuery=1&columnList[7].javaField=originalPic&columnList[0].name=id&columnList[11].genTable.id=788a2643aad64ce2a4cea288ad4924c5&columnList[18].isNull=1&_columnList[18].isList=1&columnList[9].queryType==&columnList[17].jdbcType=longtext&columnList[3].jdbcType=int(11)&columnList[5].javaType=java.util.Date&columnList[15].delFlag=0&columnList[15].genTable.id=788a2643aad64ce2a4cea288ad4924c5&columnList[16].isEdit=1&columnList[9].isList=1&_columnList[17].isEdit=1&columnList[9].javaField=source&columnList[15].isInsert=1&columnList[5].queryType==&columnList[13].isQuery=1&columnList[1].id=0856398b7e1641c8a62c8ae8eb1b99ad&columnList[17].isList=0&columnList[14].isPk=0&columnList[6].comments=middle_pic&columnList[11].delFlag=0&columnList[15].isQuery=1&columnList[5].name=created_date&columnList[15].queryType==&columnList[13].isEdit=1&columnList[13].showType=select&columnList[5].comments=created_date&columnList[6].showType=input&columnList[15].dictType=yes_no&columnList[4].queryType==&columnList[0].javaType=Long&columnList[8].sort=90&columnList[8].isNull=0&columnList[14].javaField=profileId&columnList[7].id=5047385f05f04a97b19d124d448d5cce&columnList[4].comments=comments_count&columnList[10].sort=110&columnList[11].isNull=0&columnList[14].id=0d2b95b240724d2f8845a1261fa7f6d9&columnList[10].isQuery=0&columnList[18].jdbcType=int(11)&columnList[5].genTable.id=788a2643aad64ce2a4cea288ad4924c5&columnList[4].genTable.id=788a2643aad64ce2a4cea288ad4924c5&columnList[7].showType=fileselect&columnList[7].isList=0&columnList[4].javaField=commentsCount&className=JhiStatuses&columnList[18].isPk=0&columnList[0].delFlag=0&columnList[18].isEdit=1&columnList[5].isEdit=0&columnList[12].showType=input&columnList[0].id=caaf7de1ddd841b3b4c647853b2cad88&columnList[15].javaField=isHead&columnList[3].isNull=0&columnList[13].name=category_id&_columnList[16].isList=1&_columnList[9].isQuery=1&columnList[16].isNull=1&columnList[17].isInsert=1&columnList[1].javaType=String&_columnList[17].isNull=1&columnList[9].showType=input&columnList[15].isList=1&columnList[17].isPk=0&columnList[4].name=comments_count&columnList[12].name=type&columnList[16].dictType=&columnList[14].queryType==&columnList[1].isQuery=0&columnList[2].isInsert=1&columnList[12].isQuery=0&columnList[18].isQuery=0&columnList[18].javaType=String&columnList[4].dictType=&columnList[11].name=thumbnail_pic&columnList[14].delFlag=0&columnList[18].dictType=yes_no&columnList[2].comments=attacment&columnList[4].isEdit=0&columnList[12].genTable.id=788a2643aad64ce2a4cea288ad4924c5&_columnList[10].isInsert=1&columnList[17].isNull=1&columnList[10].showType=textarea&columnList[3].javaType=String&columnList[3].isInsert=0&columnList[14].sort=150&columnList[17].dictType=&columnList[9].name=source&_columnList[18].isNull=1&columnList[17].comments=tags&columnList[17].sort=180&columnList[2].isList=0&columnList[11].queryType==&columnList[4].isQuery=0&columnList[6].name=middle_pic&columnList[3].genTable.id=788a2643aad64ce2a4cea288ad4924c5&columnList[13].id=78c7368f57de45c0954a41a2500511cf&_columnList[9].isEdit=1&columnList[13].genTable.id=788a2643aad64ce2a4cea288ad4924c5&columnList[4].isInsert=0&columnList[7].isQuery=0&columnList[18].isInsert=1&columnList[2].javaType=String&columnList[8].showType=input&columnList[8].id=4839cadd0d994678aaa96a0ab0561559&columnList[7].name=original_pic&columnList[6].delFlag=0&columnList[8].queryType==&columnList[10].name=text&columnList[16].sort=170&columnList[9].delFlag=0&columnList[9].isNull=1&columnList[17].javaType=String&columnList[10].isList=0&columnList[3].dictType=&columnList[3].comments=attitudes_count&_columnList[13].isEdit=1&columnList[12].isEdit=0&columnList[18].comments=top&columnList[8].name=reposts_count&columnList[8].javaField=repostsCount&_columnList[2].isInsert=1&columnList[11].showType=input&columnList[15].sort=160',''),('5b79a0bb7b594d12a7f79ed1e81fef2d','1','内容管理-行业资讯-资讯分类-查询','1','2016-04-29 21:00:33','127.0.0.1','Mozilla/5.0 (X11; Ubuntu; Linux x86_64; rv:43.0) Gecko/20100101 Firefox/43.0','/jeesite/a/statuses/jhiStatusCategory/','GET','repage=',''),('5c37f09c34e54c5daa7b8a62578680f2','1','内容管理-行业资讯-行业内容-查看','942475a82d4c4d059191e32b5e17c207','2016-05-03 17:34:25','127.0.0.1','Mozilla/5.0 (X11; Ubuntu; Linux x86_64; rv:43.0) Gecko/20100101 Firefox/43.0','/seedmng/a/statuses/jhiStatuses/','GET','repage=',''),('5c4822c0c7b34dafbd034b3f86c2b36d','1','内容管理-行业资讯-行业内容','1','2016-04-29 18:10:15','127.0.0.1','Mozilla/5.0 (X11; Ubuntu; Linux x86_64; rv:43.0) Gecko/20100101 Firefox/43.0','/jeesite/a/statuses/jhiStatuses','GET','tabPageId=jerichotabiframe_10',''),('5cbbcd7d3a4b4c6ea17dd521cd923ad6','1','内容管理-内容管理','1','2016-05-03 10:57:42','127.0.0.1','Mozilla/5.0 (X11; Ubuntu; Linux x86_64; rv:43.0) Gecko/20100101 Firefox/43.0','/jeesite/a/cms/tree','GET','',''),('5ced17b4636047e28ab9083bed8d5bcd','1','内容管理-内容管理','1','2016-05-05 17:18:47','127.0.0.1','Mozilla/5.0 (X11; Ubuntu; Linux x86_64; rv:43.0) Gecko/20100101 Firefox/43.0','/seedmng/a/cms/tree','GET','',''),('5cef3bbece9d49bca301af24d42825f1','1','内容管理-行业资讯-行业内容','1','2016-05-03 13:13:15','127.0.0.1','Mozilla/5.0 (X11; Ubuntu; Linux x86_64; rv:43.0) Gecko/20100101 Firefox/43.0','/seedmng/a/statuses/jhiStatuses','GET','tabPageId=jerichotabiframe_2',''),('5d10b468d1a149f7965bd1cd9e45a604','1','内容管理-内容管理-内容发布-文章模型-查看','1','2016-05-05 10:27:56','127.0.0.1','Mozilla/5.0 (X11; Ubuntu; Linux x86_64; rv:43.0) Gecko/20100101 Firefox/43.0','/seedmng/a/cms/article/findByIds','GET','ids=',''),('5e90cc511ad14df1a54059e76ca5152e','1','内容管理-行业资讯-资讯分类-修改','1','2016-04-29 21:00:33','127.0.0.1','Mozilla/5.0 (X11; Ubuntu; Linux x86_64; rv:43.0) Gecko/20100101 Firefox/43.0','/jeesite/a/statuses/jhiStatusCategory/save','POST','name=发达是否&icon=&id=',''),('5e97d77853584238b2afc7b247e571da','1','系统登录','1','2016-05-03 15:41:49','127.0.0.1','Mozilla/5.0 (X11; Ubuntu; Linux x86_64; rv:43.0) Gecko/20100101 Firefox/43.0','/seedmng/a/statuses/jhiStatuses/save','POST','summary=七七及开发急啊第十六届发卡来设定激发卡及对方附加阿达上来讲发卡来设定激发\r\n附加阿斯顿看了几法拉收...&category.name=圈子乱弹&isHead=1&source=圈子里&category.id=4&title=奇葩事情天天发生&originalPic=http://test-txhs-com.oss-cn-hangzhou.aliyuncs.com//upload/image/20160503/1462260186904086404.jpg&tags=奇葩&attacment=&top=1&_top=on&id=&text=&lt;p&gt;&amp;lt;p&amp;gt;&amp;lt;img alt=&amp;quot;3b87e950352ac65cb48ae4d2fef2b21192138a80.jpg&...',''),('5f9c3f39775641a9a60040292133df81','1','系统登录','1','2016-05-05 10:33:40','127.0.0.1','Mozilla/5.0 (X11; Ubuntu; Linux x86_64; rv:43.0) Gecko/20100101 Firefox/43.0','/seedmng/a','GET','login=',''),('5fcd6519e19546c889998f13e38e8475','1','内容管理-行业资讯-行业内容-查看','1','2016-05-03 15:01:12','127.0.0.1','Mozilla/5.0 (X11; Ubuntu; Linux x86_64; rv:43.0) Gecko/20100101 Firefox/43.0','/seedmng/a/statuses/jhiStatuses/form','GET','',''),('5fdcf4f16e164e9884e3cccdb1c7650d','1','系统登录','1','2016-04-29 14:33:49','127.0.0.1','Mozilla/5.0 (X11; Ubuntu; Linux x86_64; rv:43.0) Gecko/20100101 Firefox/43.0','/jeesite/a','GET','',''),('5ff9864187a743808641e8581358c9c1','1','内容管理-内容管理','1','2016-05-05 15:50:12','127.0.0.1','Mozilla/5.0 (X11; Ubuntu; Linux x86_64; rv:43.0) Gecko/20100101 Firefox/43.0','/seedmng/a/cms/none','GET','',''),('60036238d1074df883d234f3825f22cc','1','内容管理-内容管理-内容发布-文章模型-查看','1','2016-05-03 15:13:06','127.0.0.1','Mozilla/5.0 (X11; Ubuntu; Linux x86_64; rv:43.0) Gecko/20100101 Firefox/43.0','/seedmng/a/cms/article/findByIds','GET','ids=',''),('6069b4ee71084242b68df53e5bb7fd80','1','系统设置-系统设置-菜单管理-查看','1','2016-04-29 15:13:36','127.0.0.1','Mozilla/5.0 (X11; Ubuntu; Linux x86_64; rv:43.0) Gecko/20100101 Firefox/43.0','/jeesite/a/sys/menu/form','GET','id=1abe6c0febab4060923b456038d3d929',''),('607970df31254cbc8529e8bef539f348','1','内容管理-行业资讯-行业内容-编辑','942475a82d4c4d059191e32b5e17c207','2016-05-03 17:46:00','127.0.0.1','Mozilla/5.0 (X11; Ubuntu; Linux x86_64; rv:43.0) Gecko/20100101 Firefox/43.0','/seedmng/a/statuses/jhiStatuses/save','POST','summary=fasdf&category.name=圈子乱弹&isHead=&source=fdsa&category.id=4&title=dfadsfasd&originalPic=/upload/image/20160503/1462268718329001314.jpg&content=&tags=fds&attacment=&top=1&_top=on&id=',''),('60f4f3468ce34b54a956dc97f7444c52','1','内容管理-行业资讯-行业内容-编辑','1','2016-05-03 15:40:39','127.0.0.1','Mozilla/5.0 (X11; Ubuntu; Linux x86_64; rv:43.0) Gecko/20100101 Firefox/43.0','/seedmng/a/statuses/jhiStatuses/save','POST','summary=七七及开发急啊第十六届发卡来设定激发卡及对方附加阿达上来讲发卡来设定激发\r\n附加阿斯顿看了几法拉收...&category.name=圈子乱弹&isHead=1&source=圈子里&category.id=4&title=奇葩事情天天发生&originalPic=http://test-txhs-com.oss-cn-hangzhou.aliyuncs.com//upload/image/20160503/1462260186904086404.jpg&tags=奇葩&attacment=&top=1&_top=on&id=&text=&lt;p&gt;&amp;lt;p&amp;gt;&amp;lt;img alt=&amp;quot;3b87e950352ac65cb48ae4d2fef2b21192138a80.jpg&...',''),('61ff1a4e4b36455eb1c0907f6cf3cc7b','1','系统登录','1','2016-04-29 15:39:27','127.0.0.1','Mozilla/5.0 (X11; Ubuntu; Linux x86_64; rv:43.0) Gecko/20100101 Firefox/43.0','/jeesite/a/cms/article/selectList','POST','pageSize=8&___t0.10357896146072287=',''),('624ab17a0075466b9fc69a3506272afd','1','内容管理-内容管理','1','2016-05-03 11:00:29','127.0.0.1','Mozilla/5.0 (X11; Ubuntu; Linux x86_64; rv:43.0) Gecko/20100101 Firefox/43.0','/jeesite/a/cms/tree','GET','',''),('628ca334e00a4fd18357205c31c6b910','1','系统设置-系统设置-菜单管理','1','2016-05-05 17:10:53','127.0.0.1','Mozilla/5.0 (X11; Ubuntu; Linux x86_64; rv:43.0) Gecko/20100101 Firefox/43.0','/seedmng/a/sys/menu/','GET','',''),('62c3fb849cc14f02b5a40fb98238cedd','1','内容管理-内容管理-内容发布','1','2016-04-29 15:29:08','127.0.0.1','Mozilla/5.0 (X11; Ubuntu; Linux x86_64; rv:43.0) Gecko/20100101 Firefox/43.0','/jeesite/a/cms/','GET','tabPageId=jerichotabiframe_2',''),('644c266063764a5b8dc7e1efa9cd2f1e','1','系统登录','1','2016-05-03 11:17:06','127.0.0.1','Mozilla/5.0 (X11; Ubuntu; Linux x86_64; rv:43.0) Gecko/20100101 Firefox/43.0','/jeesite/a/tag/treeselect','POST','module=&checked=&extId=&isAll=&selectIds=&___t0.07046389251573759=&url=/statuses/jhiStatuses/treeData',''),('650fdc28300d4af998c84acb4133bb95','1','内容管理-内容管理-内容发布-文章模型','1','2016-05-05 10:27:53','127.0.0.1','Mozilla/5.0 (X11; Ubuntu; Linux x86_64; rv:43.0) Gecko/20100101 Firefox/43.0','/seedmng/a/cms/article/','GET','category.id=3&repage=',''),('652d3d0c72a24e1a8ffa445156006ef0','1','系统设置-机构用户-机构管理-修改','1','2016-05-03 16:16:05','127.0.0.1','Mozilla/5.0 (X11; Ubuntu; Linux x86_64; rv:43.0) Gecko/20100101 Firefox/43.0','/seedmng/a/sys/office/save','POST','zipCode=&parent.name=&code=100000&primaryPerson.id=&address=&area.name=山东省&office.primaryPerson.name=&type=1&office.deputyPerson.name=&master=&useable=1&deputyPerson.id=&phone=&grade=1&name=总公司&parent.id=&id=1&fax=&area.id=2&email=&remarks=',''),('66086257a68148cbbfca04f74db82971','1','系统设置-系统设置-菜单管理-修改','1','2016-05-05 17:13:22','127.0.0.1','Mozilla/5.0 (X11; Ubuntu; Linux x86_64; rv:43.0) Gecko/20100101 Firefox/43.0','/seedmng/a/sys/menu/save','POST','parent.name=行业资讯&name=首页条幅&icon=&parent.id=9072e6356cdb450ca088004c5b112499&permission=&id=1d8e6cab6ef641418581234bdb2b460c&href=/statuses/banner&sort=5060&remarks=&target=&isShow=1',''),('6621ee2cf510436ab8b21e6dff94e01d','1','内容管理-行业资讯-资讯分类','1','2016-05-03 15:02:14','127.0.0.1','Mozilla/5.0 (X11; Ubuntu; Linux x86_64; rv:43.0) Gecko/20100101 Firefox/43.0','/seedmng/a/statuses/jhiStatusCategory','GET','tabPageId=jerichotabiframe_4',''),('66cfb00676fc4e208758d906d6feadfe','1','系统设置-系统设置-角色管理','1','2016-05-03 16:19:14','127.0.0.1','Mozilla/5.0 (X11; Ubuntu; Linux x86_64; rv:43.0) Gecko/20100101 Firefox/43.0','/seedmng/a/sys/role/','GET','repage=',''),('66e4ab5d4cb74978afc345029c739d86','1','系统设置-系统设置-菜单管理-查看','1','2016-05-05 17:11:22','127.0.0.1','Mozilla/5.0 (X11; Ubuntu; Linux x86_64; rv:43.0) Gecko/20100101 Firefox/43.0','/seedmng/a/sys/menu/form','GET','parent.id=a4461ad134864ab0a159c5d40633aca5',''),('66ef5cfc9afa4c1f99a919ae06cbfa37','1','我的面板-个人信息-个人信息','1','2016-05-03 15:01:02','127.0.0.1','Mozilla/5.0 (X11; Ubuntu; Linux x86_64; rv:43.0) Gecko/20100101 Firefox/43.0','/seedmng/a/sys/user/info','GET','tabPageId=jerichotabiframe_0',''),('674eca030b4e41a5ac67b3e26d0b9b67','1','内容管理-行业资讯-行业内容-编辑','942475a82d4c4d059191e32b5e17c207','2016-05-03 19:16:20','127.0.0.1','Mozilla/5.0 (X11; Ubuntu; Linux x86_64; rv:43.0) Gecko/20100101 Firefox/43.0','/seedmng/a/statuses/jhiStatuses/save','POST','summary=范德萨发射的&category.name=圈子乱弹&isHead=1&source=圈子里&category.id=4&title=dfasdfasdfa&originalPic=/upload/image/20160503/1462273975971056334.jpg&content=阿斯顿发射的分&tags=&attacment=&top=1&_top=on&id=',''),('679a85cc52fc4f2e9bdd8c416a1d0feb','1','内容管理-行业资讯-行业内容-编辑','1','2016-05-03 15:24:05','127.0.0.1','Mozilla/5.0 (X11; Ubuntu; Linux x86_64; rv:43.0) Gecko/20100101 Firefox/43.0','/seedmng/a/statuses/jhiStatuses/save','POST','summary=七七及开发急啊第十六届发卡来设定激发卡及对方附加阿达上来讲发卡来设定激发\r\n附加阿斯顿看了几法拉收...&category.name=圈子乱弹&isHead=1&source=圈子里&category.id=4&title=奇葩事情天天发生&originalPic=http://test-txhs-com.oss-cn-hangzhou.aliyuncs.com//upload/image/20160503/1462260186904086404.jpg&tags=奇葩&attacment=&top=1&_top=on&id=&text=奇葩事情知多少哦啊知道附加大森林附加阿卡来设定激发拉萨的积分拉卡集散地弗兰克急啊岁的老打飞机阿拉...',''),('68babfd6f35e4e59a5c2baafaecb3a80','1','内容管理-行业资讯-行业内容-查看','1','2016-05-05 10:37:03','127.0.0.1','Mozilla/5.0 (X11; Ubuntu; Linux x86_64; rv:43.0) Gecko/20100101 Firefox/43.0','/seedmng/a/statuses/jhiStatuses/form','GET','id=1',''),('692a3218f3234850b3a07c7fe66dd6ce','1','内容管理-行业资讯-行业内容','1','2016-05-03 15:06:33','127.0.0.1','Mozilla/5.0 (X11; Ubuntu; Linux x86_64; rv:43.0) Gecko/20100101 Firefox/43.0','/seedmng/a/statuses/jhiStatuses','GET','tabPageId=jerichotabiframe_6',''),('6961547f3b98475cb882fb38bd7fd565','1','内容管理-行业资讯-行业内容-查看','1','2016-05-03 15:44:58','127.0.0.1','Mozilla/5.0 (X11; Ubuntu; Linux x86_64; rv:43.0) Gecko/20100101 Firefox/43.0','/seedmng/a/statuses/jhiStatuses/','GET','repage=',''),('6972929d428d4ca5aafff80ec3400f68','1','内容管理-内容管理-内容发布-文章模型','1','2016-04-29 15:32:45','127.0.0.1','Mozilla/5.0 (X11; Ubuntu; Linux x86_64; rv:43.0) Gecko/20100101 Firefox/43.0','/jeesite/a/cms/article/','GET','category.id=3',''),('6aa10313fa3542478cc33b48784b97ff','1','系统设置-系统设置-菜单管理-查看','1','2016-04-29 15:25:02','127.0.0.1','Mozilla/5.0 (X11; Ubuntu; Linux x86_64; rv:43.0) Gecko/20100101 Firefox/43.0','/jeesite/a/sys/menu/form','GET','parent.id=8a5946ec80f44b4f8236d2c4e6b66610',''),('6aa2bb68547746b196533141fc3e115b','1','内容管理-内容管理-内容发布','1','2016-05-05 17:18:47','127.0.0.1','Mozilla/5.0 (X11; Ubuntu; Linux x86_64; rv:43.0) Gecko/20100101 Firefox/43.0','/seedmng/a/cms/','GET','tabPageId=jerichotabiframe_1',''),('6aca275bfeef4df29628465f8a800184','1','内容管理-内容管理-内容发布','1','2016-04-29 16:23:08','127.0.0.1','Mozilla/5.0 (X11; Ubuntu; Linux x86_64; rv:43.0) Gecko/20100101 Firefox/43.0','/jeesite/a/cms/','GET','tabPageId=jerichotabiframe_1',''),('6afe91fdf5fc410d937e61574a12a2a7','1','内容管理-行业资讯-行业内容-查看','942475a82d4c4d059191e32b5e17c207','2016-05-03 19:20:30','127.0.0.1','Mozilla/5.0 (X11; Ubuntu; Linux x86_64; rv:43.0) Gecko/20100101 Firefox/43.0','/seedmng/a/statuses/jhiStatuses/','GET','repage=',''),('6b1ab040170642b78a90716baa7f7610','1','系统设置-系统设置-菜单管理-查看','1','2016-05-05 17:08:53','127.0.0.1','Mozilla/5.0 (X11; Ubuntu; Linux x86_64; rv:43.0) Gecko/20100101 Firefox/43.0','/seedmng/a/sys/menu/form','GET','parent.id=31',''),('6b2b0f54719e47bca063ff7d88d91899','1','系统登录','942475a82d4c4d059191e32b5e17c207','2016-05-03 18:11:05','127.0.0.1','Mozilla/5.0 (X11; Ubuntu; Linux x86_64; rv:43.0) Gecko/20100101 Firefox/43.0','/seedmng/a/statuses/jhiStatuses','GET','tabPageId=jerichotabiframe_3',''),('6b57376940944729a93ff3343b70bf78','1','系统登录','1','2016-05-05 17:08:16','127.0.0.1','Mozilla/5.0 (X11; Ubuntu; Linux x86_64; rv:43.0) Gecko/20100101 Firefox/43.0','/seedmng/a','GET','login=',''),('6c9a878e4eb343f2949d55df8baea8f1','1','系统设置-系统设置-菜单管理-修改','1','2016-05-05 17:14:05','127.0.0.1','Mozilla/5.0 (X11; Ubuntu; Linux x86_64; rv:43.0) Gecko/20100101 Firefox/43.0','/seedmng/a/sys/menu/save','POST','parent.name=首页条幅&name=编辑&icon=&parent.id=1d8e6cab6ef641418581234bdb2b460c&permission=statuses:banner:edit&id=&href=&sort=60&remarks=&target=&isShow=0',''),('6cc70e08b9b24197bc5610f29f600e52','1','系统登录','942475a82d4c4d059191e32b5e17c207','2016-05-03 16:29:12','127.0.0.1','Mozilla/5.0 (X11; Ubuntu; Linux x86_64; rv:43.0) Gecko/20100101 Firefox/43.0','/seedmng/a','GET','login=',''),('6cf8a6b70f59437680a46407cc37854f','1','内容管理-行业资讯-行业内容-查看','1','2016-05-03 16:01:19','127.0.0.1','Mozilla/5.0 (X11; Ubuntu; Linux x86_64; rv:43.0) Gecko/20100101 Firefox/43.0','/seedmng/a/statuses/jhiStatuses/form','GET','',''),('6d57063dac3e44448f185c15abce8ac3','1','系统设置-系统设置-菜单管理-查看','1','2016-05-05 17:09:55','127.0.0.1','Mozilla/5.0 (X11; Ubuntu; Linux x86_64; rv:43.0) Gecko/20100101 Firefox/43.0','/seedmng/a/sys/menu/form','GET','id=1d8e6cab6ef641418581234bdb2b460c',''),('6d834bc6c2be466da8b2aee541257ff0','1','内容管理-行业资讯-首页条幅-查看','1','2016-05-05 17:19:02','127.0.0.1','Mozilla/5.0 (X11; Ubuntu; Linux x86_64; rv:43.0) Gecko/20100101 Firefox/43.0','/seedmng/a/statuses/banner/form','GET','',''),('6d946bedda7e4ad0a5a4dc59af0246c1','1','在线办公-通知通告-我的通告','1','2016-04-29 15:29:07','127.0.0.1','Mozilla/5.0 (X11; Ubuntu; Linux x86_64; rv:43.0) Gecko/20100101 Firefox/43.0','/jeesite/a/oa/oaNotify/self','GET','tabPageId=jerichotabiframe_1',''),('6def42661b6a4483b8e7ce7c5d2534e7','1','系统设置-系统设置-菜单管理','1','2016-04-29 14:59:37','127.0.0.1','Mozilla/5.0 (X11; Ubuntu; Linux x86_64; rv:43.0) Gecko/20100101 Firefox/43.0','/jeesite/a/sys/menu/','GET','tabPageId=jerichotabiframe_8',''),('6f2fb4a1694240e6abe69afc98ff9d46','1','内容管理-行业资讯-行业内容-查看','1','2016-05-03 15:03:48','127.0.0.1','Mozilla/5.0 (X11; Ubuntu; Linux x86_64; rv:43.0) Gecko/20100101 Firefox/43.0','/seedmng/a/statuses/jhiStatuses/','GET','',''),('6f9c9d4da7f84d6aa140c66ed535453f','1','内容管理-内容管理-内容发布','1','2016-05-03 15:03:24','127.0.0.1','Mozilla/5.0 (X11; Ubuntu; Linux x86_64; rv:43.0) Gecko/20100101 Firefox/43.0','/seedmng/a/cms/','GET','tabPageId=jerichotabiframe_1',''),('6ff90ca66e504748bf436c519fe92887','1','系统设置-系统设置-菜单管理','1','2016-04-29 15:24:57','127.0.0.1','Mozilla/5.0 (X11; Ubuntu; Linux x86_64; rv:43.0) Gecko/20100101 Firefox/43.0','/jeesite/a/sys/menu/','GET','',''),('6ffb2dade3f841f1b49835a66c367725','1','内容管理-行业资讯-行业内容','1','2016-05-05 10:33:54','127.0.0.1','Mozilla/5.0 (X11; Ubuntu; Linux x86_64; rv:43.0) Gecko/20100101 Firefox/43.0','/seedmng/a/statuses/jhiStatuses','GET','tabPageId=jerichotabiframe_4',''),('700f189a717047d8b88b811173fe41d1','1','内容管理-行业资讯-行业内容','1','2016-05-03 10:58:12','127.0.0.1','Mozilla/5.0 (X11; Ubuntu; Linux x86_64; rv:43.0) Gecko/20100101 Firefox/43.0','/jeesite/a/statuses/jhiStatuses','GET','tabPageId=jerichotabiframe_3',''),('70123d3da70048d5a5bc3c8d385057ea','1','内容管理-行业资讯-资讯分类','1','2016-04-29 16:22:12','127.0.0.1','Mozilla/5.0 (X11; Ubuntu; Linux x86_64; rv:43.0) Gecko/20100101 Firefox/43.0','/jeesite/a/statuses/jhiStatusCategory','GET','tabPageId=jerichotabiframe_3',''),('71829b26e75445af8fce3d848696c23e','1','在线办公-个人办公-我的任务','1','2016-05-05 15:55:06','127.0.0.1','Mozilla/5.0 (X11; Ubuntu; Linux x86_64; rv:43.0) Gecko/20100101 Firefox/43.0','/seedmng/a/act/task/todo/','GET','tabPageId=jerichotabiframe_7',''),('71ac2fb2a56441029c8873cd6a325ea0','1','代码生成-代码生成-业务表配置','1','2016-04-29 14:34:13','127.0.0.1','Mozilla/5.0 (X11; Ubuntu; Linux x86_64; rv:43.0) Gecko/20100101 Firefox/43.0','/jeesite/a/gen/genTable','GET','tabPageId=jerichotabiframe_3',''),('72135209220e4057bddd6f8fdb25f6b7','1','内容管理-行业资讯-行业内容','1','2016-04-29 18:20:48','127.0.0.1','Mozilla/5.0 (X11; Ubuntu; Linux x86_64; rv:43.0) Gecko/20100101 Firefox/43.0','/jeesite/a/statuses/jhiStatuses','GET','tabPageId=jerichotabiframe_18',''),('72379ebe05ab47819fb41c583a9bf147','2','内容管理-行业资讯-行业内容-查看','942475a82d4c4d059191e32b5e17c207','2016-05-03 17:32:44','127.0.0.1','Mozilla/5.0 (X11; Ubuntu; Linux x86_64; rv:43.0) Gecko/20100101 Firefox/43.0','/seedmng/a/statuses/jhiStatuses/form','GET','','org.apache.jasper.JasperException: /WEB-INF/views/modules/statuses/jhiStatusesForm.jsp(79,4) PWC6130: According to the TLD or the tag file, attribute prefixUrl is mandatory for tag ckfinder\n	at org.apache.jasper.compiler.DefaultErrorHandler.jspError(DefaultErrorHandler.java:78)\n	at org.apache.jasper.compiler.ErrorDispatcher.dispatch(ErrorDispatcher.java:373)\n	at org.apache.jasper.compiler.ErrorDispatcher.jspError(ErrorDispatcher.java:201)\n	at org.apache.jasper.compiler.Validator$ValidateVisitor.visit(Validator.java:839)\n	at org.apache.jasper.compiler.Node$CustomTag.accept(Node.java:1501)\n	at org.apache.jasper.compiler.Node$Nodes.visit(Node.java:2302)\n	at org.apache.jasper.compiler.Node$Visitor.visitBody(Node.java:2352)\n	at org.apache.jasper.compiler.Validator$ValidateVisitor.visit(Validator.java:876)\n	at org.apache.jasper.compiler.Node$CustomTag.accept(Node.java:1501)\n	at org.apache.jasper.compiler.Node$Nodes.visit(Node.java:2302)\n	at org.apache.jasper.compiler.Node$Visitor.visitBody(Node.java:2352)\n	at org.apache.jasper.compiler.Node$Visitor.visit(Node.java:2358)\n	at org.apache.jasper.compiler.Node$Root.accept(Node.java:498)\n	at org.apache.jasper.compiler.Node$Nodes.visit(Node.java:2302)\n	at org.apache.jasper.compiler.Validator.validate(Validator.java:1878)\n	at org.apache.jasper.compiler.Compiler.generateJava(Compiler.java:215)\n	at org.apache.jasper.compiler.Compiler.compile(Compiler.java:431)\n	at org.apache.jasper.JspCompilationContext.compile(JspCompilationContext.java:608)\n	at org.apache.jasper.servlet.JspServletWrapper.service(JspServletWrapper.java:374)\n	at org.apache.jasper.servlet.JspServlet.serviceJspFile(JspServlet.java:476)\n	at org.apache.jasper.servlet.JspServlet.service(JspServlet.java:366)\n	at javax.servlet.http.HttpServlet.service(HttpServlet.java:820)\n	at org.eclipse.jetty.servlet.ServletHolder.handle(ServletHolder.java:652)\n	at org.eclipse.jetty.servlet.ServletHandler.doHandle(ServletHandler.java:445)\n	at org.eclipse.jetty.server.handler.ScopedHandler.handle(ScopedHandler.java:137)\n	at org.eclipse.jetty.security.SecurityHandler.handle(SecurityHandler.java:574)\n	at org.eclipse.jetty.server.session.SessionHandler.doHandle(SessionHandler.java:227)\n	at org.eclipse.jetty.server.handler.ContextHandler.doHandle(ContextHandler.java:1044)\n	at org.eclipse.jetty.servlet.ServletHandler.doScope(ServletHandler.java:372)\n	at org.eclipse.jetty.server.session.SessionHandler.doScope(SessionHandler.java:189)\n	at org.eclipse.jetty.server.handler.ContextHandler.doScope(ContextHandler.java:978)\n	at org.eclipse.jetty.server.handler.ScopedHandler.handle(ScopedHandler.java:135)\n	at org.eclipse.jetty.server.Dispatcher.forward(Dispatcher.java:293)\n	at org.eclipse.jetty.server.Dispatcher.forward(Dispatcher.java:120)\n	at org.springframework.web.servlet.view.InternalResourceView.renderMergedOutputModel(InternalResourceView.java:209)\n	at org.springframework.web.servlet.view.AbstractView.render(AbstractView.java:267)\n	at org.springframework.web.servlet.DispatcherServlet.render(DispatcherServlet.java:1221)\n	at org.springframework.web.servlet.DispatcherServlet.processDispatchResult(DispatcherServlet.java:1005)\n	at org.springframework.web.servlet.DispatcherServlet.doDispatch(DispatcherServlet.java:952)\n	at org.springframework.web.servlet.DispatcherServlet.doService(DispatcherServlet.java:870)\n	at org.springframework.web.servlet.FrameworkServlet.processRequest(FrameworkServlet.java:961)\n	at org.springframework.web.servlet.FrameworkServlet.doGet(FrameworkServlet.java:852)\n	at javax.servlet.http.HttpServlet.service(HttpServlet.java:707)\n	at org.springframework.web.servlet.FrameworkServlet.service(FrameworkServlet.java:837)\n	at javax.servlet.http.HttpServlet.service(HttpServlet.java:820)\n	at org.eclipse.jetty.servlet.ServletHolder.handle(ServletHolder.java:652)\n	at org.eclipse.jetty.servlet.ServletHandler$CachedChain.doFilter(ServletHandler.java:1317)\n	at com.opensymphony.sitemesh.webapp.SiteMeshFilter.obtainContent(SiteMeshFilter.java:129)\n	at com.opensymphony.sitemesh.webapp.SiteMeshFilter.doFilter(SiteMeshFilter.java:77)\n	at org.eclipse.jetty.servlet.ServletHandler$CachedChain.doFilter(ServletHandler.java:1288)\n	at org.apache.shiro.web.servlet.ProxiedFilterChain.doFilter(ProxiedFilterChain.java:61)\n	at org.apache.shiro.web.servlet.AdviceFilter.executeChain(AdviceFilter.java:108)\n	at org.apache.shiro.web.servlet.AdviceFilter.doFilterInternal(AdviceFilter.java:137)\n	at org.apache.shiro.web.servlet.OncePerRequestFilter.doFilter(OncePerRequestFilter.java:125)\n	at org.apache.shiro.web.servlet.ProxiedFilterChain.doFilter(ProxiedFilterChain.java:66)\n	at org.apache.shiro.web.servlet.AbstractShiroFilter.executeChain(AbstractShiroFilter.java:449)\n	at org.apache.shiro.web.servlet.AbstractShiroFilter$1.call(AbstractShiroFilter.java:365)\n	at org.apache.shiro.subject.support.SubjectCallable.doCall(SubjectCallable.java:90)\n	at org.apache.shiro.subject.support.SubjectCallable.call(SubjectCallable.java:83)\n	at org.apache.shiro.subject.support.DelegatingSubject.execute(DelegatingSubject.java:383)\n	at org.apache.shiro.web.servlet.AbstractShiroFilter.doFilterInternal(AbstractShiroFilter.java:362)\n	at org.apache.shiro.web.servlet.OncePerRequestFilter.doFilter(OncePerRequestFilter.java:125)\n	at org.springframework.web.filter.DelegatingFilterProxy.invokeDelegate(DelegatingFilterProxy.java:344)\n	at org.springframework.web.filter.DelegatingFilterProxy.doFilter(DelegatingFilterProxy.java:261)\n	at org.eclipse.jetty.servlet.ServletHandler$CachedChain.doFilter(ServletHandler.java:1288)\n	at org.springframework.web.filter.CharacterEncodingFilter.doFilterInternal(CharacterEncodingFilter.java:88)\n	at org.springframework.web.filter.OncePerRequestFilter.doFilter(OncePerRequestFilter.java:107)\n	at org.eclipse.jetty.servlet.ServletHandler$CachedChain.doFilter(ServletHandler.java:1288)\n	at org.eclipse.jetty.servlet.ServletHandler.doHandle(ServletHandler.java:443)\n	at org.eclipse.jetty.server.handler.ScopedHandler.handle(ScopedHandler.java:137)\n	at org.eclipse.jetty.security.SecurityHandler.handle(SecurityHandler.java:556)\n	at org.eclipse.jetty.server.session.SessionHandler.doHandle(SessionHandler.java:227)\n	at org.eclipse.jetty.server.handler.ContextHandler.doHandle(ContextHandler.java:1044)\n	at org.eclipse.jetty.servlet.ServletHandler.doScope(ServletHandler.java:372)\n	at org.eclipse.jetty.server.session.SessionHandler.doScope(SessionHandler.java:189)\n	at org.eclipse.jetty.server.handler.ContextHandler.doScope(ContextHandler.java:978)\n	at org.eclipse.jetty.server.handler.ScopedHandler.handle(ScopedHandler.java:135)\n	at org.eclipse.jetty.server.handler.ContextHandlerCollection.handle(ContextHandlerCollection.java:255)\n	at org.eclipse.jetty.server.handler.HandlerCollection.handle(HandlerCollection.java:154)\n	at org.eclipse.jetty.server.handler.HandlerWrapper.handle(HandlerWrapper.java:116)\n	at org.eclipse.jetty.server.Server.handle(Server.java:369)\n	at org.eclipse.jetty.server.AbstractHttpConnection.handleRequest(AbstractHttpConnection.java:486)\n	at org.eclipse.jetty.server.AbstractHttpConnection.headerComplete(AbstractHttpConnection.java:933)\n	at org.eclipse.jetty.server.AbstractHttpConnection$RequestHandler.headerComplete(AbstractHttpConnection.java:995)\n	at org.eclipse.jetty.http.HttpParser.parseNext(HttpParser.java:644)\n	at org.eclipse.jetty.http.HttpParser.parseAvailable(HttpParser.java:235)\n	at org.eclipse.jetty.server.AsyncHttpConnection.handle(AsyncHttpConnection.java:82)\n	at org.eclipse.jetty.io.nio.SelectChannelEndPoint.handle(SelectChannelEndPoint.java:667)\n	at org.eclipse.jetty.io.nio.SelectChannelEndPoint$1.run(SelectChannelEndPoint.java:52)\n	at org.eclipse.jetty.util.thread.QueuedThreadPool.runJob(QueuedThreadPool.java:608)\n	at org.eclipse.jetty.util.thread.QueuedThreadPool$3.run(QueuedThreadPool.java:543)\n	at java.lang.Thread.run(Thread.java:745)\n'),('723b65a2f33a41298c19de857ab0a793','1','系统登录','1','2016-04-29 21:17:24','127.0.0.1','Mozilla/5.0 (X11; Ubuntu; Linux x86_64; rv:43.0) Gecko/20100101 Firefox/43.0','/jeesite/a/statuses/jhiStatuses','GET','tabPageId=jerichotabiframe_30',''),('72e7128967624838bec490e52f2c7094','1','系统登录','1','2016-04-29 21:00:24','127.0.0.1','Mozilla/5.0 (X11; Ubuntu; Linux x86_64; rv:43.0) Gecko/20100101 Firefox/43.0','/jeesite/a/statuses/jhiStatusCategory','GET','tabPageId=jerichotabiframe_23',''),('73008f7b2ebb47d5bdbdfd2c9f3477f4','1','内容管理-行业资讯-资讯分类-查询','1','2016-04-29 20:25:24','127.0.0.1','Mozilla/5.0 (X11; Ubuntu; Linux x86_64; rv:43.0) Gecko/20100101 Firefox/43.0','/jeesite/a/statuses/jhiStatusCategory/form','GET','',''),('742deb4c13284350b4680415119cad9d','1','内容管理-行业资讯-资讯分类-修改','1','2016-05-03 15:19:48','127.0.0.1','Mozilla/5.0 (X11; Ubuntu; Linux x86_64; rv:43.0) Gecko/20100101 Firefox/43.0','/seedmng/a/statuses/jhiStatusCategory/delete','GET','id=3',''),('7498f004c34d43909649cba316565adf','1','内容管理-行业资讯-行业内容-查看','942475a82d4c4d059191e32b5e17c207','2016-05-03 17:47:01','127.0.0.1','Mozilla/5.0 (X11; Ubuntu; Linux x86_64; rv:43.0) Gecko/20100101 Firefox/43.0','/seedmng/a/statuses/jhiStatuses/form','GET','id=4',''),('74b3d39045084d5aae0aa909a6981b49','1','我的面板-个人信息-个人信息','1','2016-05-03 14:35:57','127.0.0.1','Mozilla/5.0 (X11; Ubuntu; Linux x86_64; rv:43.0) Gecko/20100101 Firefox/43.0','/seedmng/a/sys/user/info','GET','tabPageId=jerichotabiframe_0',''),('76481858d26b44b28f820765d3270434','1','系统设置-系统设置-菜单管理-修改','1','2016-05-05 17:12:54','127.0.0.1','Mozilla/5.0 (X11; Ubuntu; Linux x86_64; rv:43.0) Gecko/20100101 Firefox/43.0','/seedmng/a/sys/menu/save','POST','parent.name=首页条幅&name=查看&icon=&parent.id=1d8e6cab6ef641418581234bdb2b460c&permission=statuses:banner:view&id=&href=&sort=30&remarks=&target=&isShow=0',''),('77113619df3f430b9a9486131dd3cd10','1','内容管理-行业资讯-行业内容','1','2016-04-29 18:19:46','127.0.0.1','Mozilla/5.0 (X11; Ubuntu; Linux x86_64; rv:43.0) Gecko/20100101 Firefox/43.0','/jeesite/a/statuses/jhiStatuses','GET','tabPageId=jerichotabiframe_13',''),('773f4ea83c0c4dbda701ce667b9168d4','1','系统设置-系统设置-菜单管理','1','2016-04-29 15:08:20','127.0.0.1','Mozilla/5.0 (X11; Ubuntu; Linux x86_64; rv:43.0) Gecko/20100101 Firefox/43.0','/jeesite/a/sys/menu/','GET','',''),('77ab730e0e2c436fa5387b540ccbf6bd','1','系统设置-系统设置-角色管理','1','2016-05-05 17:15:16','127.0.0.1','Mozilla/5.0 (X11; Ubuntu; Linux x86_64; rv:43.0) Gecko/20100101 Firefox/43.0','/seedmng/a/sys/role/','GET','tabPageId=jerichotabiframe_6',''),('79061b1f92ae4328968366fd455d78a6','1','内容管理-行业资讯-行业内容-查看','1','2016-04-29 18:19:47','127.0.0.1','Mozilla/5.0 (X11; Ubuntu; Linux x86_64; rv:43.0) Gecko/20100101 Firefox/43.0','/jeesite/a/statuses/jhiStatuses/form','GET','',''),('796fc35489bc4b09a56bc8bc38ee1e33','1','系统登录','942475a82d4c4d059191e32b5e17c207','2016-05-03 19:12:41','127.0.0.1','Mozilla/5.0 (X11; Ubuntu; Linux x86_64; rv:43.0) Gecko/20100101 Firefox/43.0','/seedmng/a/statuses/jhiStatuses','GET','tabPageId=jerichotabiframe_6',''),('7a7d6d4c33b744a7a9af16dd8dca419b','1','内容管理-行业资讯-行业内容','1','2016-04-29 16:23:13','127.0.0.1','Mozilla/5.0 (X11; Ubuntu; Linux x86_64; rv:43.0) Gecko/20100101 Firefox/43.0','/jeesite/a/statuses/jhiStatuses','GET','tabPageId=jerichotabiframe_3',''),('7a884fccf22c40abb0a706d648e1b43d','1','系统设置-系统设置-菜单管理','1','2016-05-05 17:11:43','127.0.0.1','Mozilla/5.0 (X11; Ubuntu; Linux x86_64; rv:43.0) Gecko/20100101 Firefox/43.0','/seedmng/a/sys/menu/','GET','',''),('7b024d04501d4ce6ac384e0a783be16e','1','内容管理-内容管理','1','2016-05-05 10:27:23','127.0.0.1','Mozilla/5.0 (X11; Ubuntu; Linux x86_64; rv:43.0) Gecko/20100101 Firefox/43.0','/seedmng/a/cms/none','GET','',''),('7c690d68b38c4962be0e554fffe85029','1','内容管理-行业资讯-资讯分类-查询','1','2016-05-03 15:52:46','127.0.0.1','Mozilla/5.0 (X11; Ubuntu; Linux x86_64; rv:43.0) Gecko/20100101 Firefox/43.0','/seedmng/a/statuses/jhiStatusCategory/form','GET','id=4',''),('7ce26b45b1f04c2ea2995d317abfc352','1','内容管理-行业资讯-行业内容-查看','1','2016-05-03 15:45:22','127.0.0.1','Mozilla/5.0 (X11; Ubuntu; Linux x86_64; rv:43.0) Gecko/20100101 Firefox/43.0','/seedmng/a/statuses/jhiStatuses/form','GET','id=1',''),('7d1f3af7ff7b42f5aa04eb6fe6fcf9cc','1','内容管理-内容管理-内容发布-文章模型','1','2016-05-05 10:27:26','127.0.0.1','Mozilla/5.0 (X11; Ubuntu; Linux x86_64; rv:43.0) Gecko/20100101 Firefox/43.0','/seedmng/a/cms/article/','GET','category.id=3',''),('7d60e30786084c1abda54c7edcd0a59f','1','系统设置-系统设置-菜单管理-查看','1','2016-04-29 15:14:07','127.0.0.1','Mozilla/5.0 (X11; Ubuntu; Linux x86_64; rv:43.0) Gecko/20100101 Firefox/43.0','/jeesite/a/sys/menu/form','GET','id=442eca52d9f94fc3be5ad90ac0120be9',''),('7d9f545fa6394d70a26304436346856d','1','内容管理-行业资讯-资讯分类','1','2016-04-29 16:23:10','127.0.0.1','Mozilla/5.0 (X11; Ubuntu; Linux x86_64; rv:43.0) Gecko/20100101 Firefox/43.0','/jeesite/a/statuses/jhiStatusCategory','GET','tabPageId=jerichotabiframe_2',''),('7db4e8fc9c0340e184a22f8d8b0c0127','1','系统登录','1','2016-05-05 15:49:36','127.0.0.1','Mozilla/5.0 (X11; Ubuntu; Linux x86_64; rv:43.0) Gecko/20100101 Firefox/43.0','/seedmng/a','GET','login=',''),('7dd2478d127845159d4c7a4642b57e58','1','内容管理-行业资讯-行业内容','1','2016-05-03 15:13:11','127.0.0.1','Mozilla/5.0 (X11; Ubuntu; Linux x86_64; rv:43.0) Gecko/20100101 Firefox/43.0','/seedmng/a/statuses/jhiStatuses','GET','tabPageId=jerichotabiframe_10',''),('7de667ea71d84fe6bc50dbb7fde0da1e','1','内容管理-行业资讯-行业内容','1','2016-05-03 15:10:06','127.0.0.1','Mozilla/5.0 (X11; Ubuntu; Linux x86_64; rv:43.0) Gecko/20100101 Firefox/43.0','/seedmng/a/statuses/jhiStatuses','GET','tabPageId=jerichotabiframe_9',''),('7dfac40ee9a24a0596380f793cc09799','1','系统设置-系统设置-角色管理','1','2016-05-05 15:55:21','127.0.0.1','Mozilla/5.0 (X11; Ubuntu; Linux x86_64; rv:43.0) Gecko/20100101 Firefox/43.0','/seedmng/a/sys/role/','GET','tabPageId=jerichotabiframe_12',''),('7e5c305da1414b12abea8817458e6f61','1','代码生成-代码生成-生成方案配置','1','2016-05-05 16:52:30','127.0.0.1','Mozilla/5.0 (X11; Ubuntu; Linux x86_64; rv:43.0) Gecko/20100101 Firefox/43.0','/seedmng/a/gen/genScheme','GET','tabPageId=jerichotabiframe_16',''),('7ea253287e30446484de5713942c6d86','1','内容管理-内容管理-内容发布-文章模型-查看','1','2016-05-03 15:11:53','127.0.0.1','Mozilla/5.0 (X11; Ubuntu; Linux x86_64; rv:43.0) Gecko/20100101 Firefox/43.0','/seedmng/a/cms/article/findByIds','GET','ids=',''),('7eb28dcae8d04ac4ab1417bf1d91a07d','1','内容管理-行业资讯-资讯分类-查询','1','2016-05-03 10:58:02','127.0.0.1','Mozilla/5.0 (X11; Ubuntu; Linux x86_64; rv:43.0) Gecko/20100101 Firefox/43.0','/jeesite/a/statuses/jhiStatusCategory/form','GET','',''),('7ec5cd0198ba4cd494635f6ed8093a4e','1','内容管理-内容管理-内容发布-文章模型','1','2016-05-03 15:11:47','127.0.0.1','Mozilla/5.0 (X11; Ubuntu; Linux x86_64; rv:43.0) Gecko/20100101 Firefox/43.0','/seedmng/a/cms/article/','GET','category.id=3',''),('7ee23da4c67046089f60a234a322fde9','1','系统登录','1','2016-05-03 15:13:29','127.0.0.1','Mozilla/5.0 (X11; Ubuntu; Linux x86_64; rv:43.0) Gecko/20100101 Firefox/43.0','/seedmng/a/statuses/jhiStatuses/form','GET','id=',''),('7f659c78d7a24bae987f33294244bb92','1','系统设置-机构用户-用户管理-查看','1','2016-05-03 16:22:08','127.0.0.1','Mozilla/5.0 (X11; Ubuntu; Linux x86_64; rv:43.0) Gecko/20100101 Firefox/43.0','/seedmng/a/sys/user/list','GET','',''),('80a6367657e5479bac188687a531ddd3','1','系统登录','1','2016-05-03 15:03:24','127.0.0.1','Mozilla/5.0 (X11; Ubuntu; Linux x86_64; rv:43.0) Gecko/20100101 Firefox/43.0','/seedmng/a/sys/menu/tree','GET','parentId=31',''),('80bdc7ae5af14ea0b27c2acf2a2695e1','1','内容管理-内容管理','1','2016-05-05 17:14:16','127.0.0.1','Mozilla/5.0 (X11; Ubuntu; Linux x86_64; rv:43.0) Gecko/20100101 Firefox/43.0','/seedmng/a/cms/tree','GET','',''),('80f2e55666b649e08887721c357f41dd','1','内容管理-行业资讯-行业内容-查看','1','2016-05-05 17:40:40','127.0.0.1','Mozilla/5.0 (X11; Ubuntu; Linux x86_64; rv:43.0) Gecko/20100101 Firefox/43.0','/seedmng/a/statuses/jhiStatuses/form','GET','',''),('825645e4f234452d9813104a0a6d7b76','1','内容管理-内容管理-内容发布','1','2016-05-05 15:50:11','127.0.0.1','Mozilla/5.0 (X11; Ubuntu; Linux x86_64; rv:43.0) Gecko/20100101 Firefox/43.0','/seedmng/a/cms/','GET','tabPageId=jerichotabiframe_2',''),('82b5d8ade5864e128f0066b40a66ef01','1','内容管理-行业资讯-行业内容-查看','942475a82d4c4d059191e32b5e17c207','2016-05-03 17:33:43','127.0.0.1','Mozilla/5.0 (X11; Ubuntu; Linux x86_64; rv:43.0) Gecko/20100101 Firefox/43.0','/seedmng/a/statuses/jhiStatuses/form','GET','',''),('82bb17e70f764ec0b9fa9408f54396d8','1','内容管理-行业资讯-资讯分类','1','2016-04-29 15:28:03','127.0.0.1','Mozilla/5.0 (X11; Ubuntu; Linux x86_64; rv:43.0) Gecko/20100101 Firefox/43.0','/jeesite/a/statuses/jhiStatusCategory','GET','tabPageId=jerichotabiframe_3',''),('82dd3ff0905d4fd9af67c26f2ee6c3b0','1','系统设置-机构用户-用户管理-修改','1','2016-05-03 16:25:52','127.0.0.1','Mozilla/5.0 (X11; Ubuntu; Linux x86_64; rv:43.0) Gecko/20100101 Firefox/43.0','/seedmng/a/sys/user/checkLoginName','GET','oldLoginName=&loginName=luojun',''),('8330d1c1b66c407ca1dea707479c1c90','1','系统登录','1','2016-04-29 21:11:55','127.0.0.1','Mozilla/5.0 (X11; Ubuntu; Linux x86_64; rv:43.0) Gecko/20100101 Firefox/43.0','/jeesite/a/statuses/jhiStatuses','GET','tabPageId=jerichotabiframe_28',''),('844d30b745ce4b86a45c512fe6407dbf','1','系统设置-机构用户-用户管理','1','2016-05-03 16:22:07','127.0.0.1','Mozilla/5.0 (X11; Ubuntu; Linux x86_64; rv:43.0) Gecko/20100101 Firefox/43.0','/seedmng/a/sys/user/index','GET','tabPageId=jerichotabiframe_1',''),('84562d7d2a074da89a79301c869d2dd7','1','系统设置-机构用户-用户管理-查看','1','2016-05-03 16:15:19','127.0.0.1','Mozilla/5.0 (X11; Ubuntu; Linux x86_64; rv:43.0) Gecko/20100101 Firefox/43.0','/seedmng/a/sys/user/form','GET','',''),('84b6162ae3bc4e10aef32aa1e619853f','1','系统设置-系统设置-菜单管理-修改','1','2016-05-05 17:11:43','127.0.0.1','Mozilla/5.0 (X11; Ubuntu; Linux x86_64; rv:43.0) Gecko/20100101 Firefox/43.0','/seedmng/a/sys/menu/save','POST','parent.name=新闻线索爆料&name=查看&icon=&parent.id=a4461ad134864ab0a159c5d40633aca5&permission=statuses:newsClue:view&id=&href=&sort=30&remarks=&target=&isShow=0',''),('86e8a52773ac420ca5c62c995b924471','1','系统设置-系统设置-角色管理','1','2016-05-03 16:22:13','127.0.0.1','Mozilla/5.0 (X11; Ubuntu; Linux x86_64; rv:43.0) Gecko/20100101 Firefox/43.0','/seedmng/a/sys/role/','GET','tabPageId=jerichotabiframe_2',''),('871ef8c9027847d3b50c0b0f34da4fe8','1','内容管理-内容管理-内容发布-文章模型','1','2016-05-03 15:13:03','127.0.0.1','Mozilla/5.0 (X11; Ubuntu; Linux x86_64; rv:43.0) Gecko/20100101 Firefox/43.0','/seedmng/a/cms/article/','GET','category.id=13',''),('87630d1a718b42f286726e3cc96622e8','1','系统设置-系统设置-菜单管理-查看','1','2016-04-29 15:24:51','127.0.0.1','Mozilla/5.0 (X11; Ubuntu; Linux x86_64; rv:43.0) Gecko/20100101 Firefox/43.0','/jeesite/a/sys/menu/form','GET','id=8a5946ec80f44b4f8236d2c4e6b66610',''),('87c2a1264a074133b826a078199fdca2','1','系统设置-系统设置-菜单管理-修改','1','2016-04-29 15:08:20','127.0.0.1','Mozilla/5.0 (X11; Ubuntu; Linux x86_64; rv:43.0) Gecko/20100101 Firefox/43.0','/jeesite/a/sys/menu/save','POST','parent.name=资讯分类&name=查询&icon=&parent.id=1abe6c0febab4060923b456038d3d929&permission=statuses.jhistatuescategory.view&id=&href=&sort=60&remarks=&target=&isShow=0',''),('8829cabfddce45aab4609d676b2470de','1','内容管理-栏目设置-栏目管理-查看','1','2016-04-29 15:37:39','127.0.0.1','Mozilla/5.0 (X11; Ubuntu; Linux x86_64; rv:43.0) Gecko/20100101 Firefox/43.0','/jeesite/a/cms/category/form','GET','',''),('8937ba8b60d24801aa4035366498cb57','1','内容管理-内容管理-内容发布','1','2016-05-05 17:14:16','127.0.0.1','Mozilla/5.0 (X11; Ubuntu; Linux x86_64; rv:43.0) Gecko/20100101 Firefox/43.0','/seedmng/a/cms/','GET','tabPageId=jerichotabiframe_1',''),('8af0af9a556748399e308c98985cd4c8','1','内容管理-行业资讯-行业内容-查看','942475a82d4c4d059191e32b5e17c207','2016-05-03 19:24:47','127.0.0.1','Mozilla/5.0 (X11; Ubuntu; Linux x86_64; rv:43.0) Gecko/20100101 Firefox/43.0','/seedmng/a/statuses/jhiStatuses/','GET','repage=',''),('8beaffd0c9d84af79f3d9e206c6a64aa','1','内容管理-行业资讯-行业内容-查看','1','2016-05-03 11:17:30','127.0.0.1','Mozilla/5.0 (X11; Ubuntu; Linux x86_64; rv:43.0) Gecko/20100101 Firefox/43.0','/jeesite/a/statuses/jhiStatuses/','GET','',''),('8bf0377eae794d1eaaec0a4c7b78e77e','1','内容管理-内容管理','1','2016-05-03 15:15:27','127.0.0.1','Mozilla/5.0 (X11; Ubuntu; Linux x86_64; rv:43.0) Gecko/20100101 Firefox/43.0','/seedmng/a/cms/none','GET','',''),('8c2b9b84099248cea566b2b72a46da40','1','内容管理-行业资讯-行业内容-查看','942475a82d4c4d059191e32b5e17c207','2016-05-03 19:24:01','127.0.0.1','Mozilla/5.0 (X11; Ubuntu; Linux x86_64; rv:43.0) Gecko/20100101 Firefox/43.0','/seedmng/a/statuses/jhiStatuses/form','GET','',''),('8d2e6c43ce194970931cd3086bbad567','1','系统登录','1','2016-04-29 15:07:08','127.0.0.1','Mozilla/5.0 (X11; Ubuntu; Linux x86_64; rv:43.0) Gecko/20100101 Firefox/43.0','/jeesite/a/sys/menu/form','GET','parent.id=1abe6c0febab4060923b456038d3d929',''),('8d33f098443f450a9c37cc8b1dab4355','1','内容管理-内容管理-内容发布','1','2016-05-03 15:01:05','127.0.0.1','Mozilla/5.0 (X11; Ubuntu; Linux x86_64; rv:43.0) Gecko/20100101 Firefox/43.0','/seedmng/a/cms/','GET','tabPageId=jerichotabiframe_2',''),('8d70a752798346ebb0b3de9164ba5f4f','1','内容管理-行业资讯-行业内容-查看','942475a82d4c4d059191e32b5e17c207','2016-05-03 17:46:00','127.0.0.1','Mozilla/5.0 (X11; Ubuntu; Linux x86_64; rv:43.0) Gecko/20100101 Firefox/43.0','/seedmng/a/statuses/jhiStatuses/','GET','repage=',''),('8dd34385a9b54d36b03ab6a34f57a0e8','1','我的面板-个人信息-个人信息','70262adb686d4e09a90637416213d547','2016-05-03 16:21:21','127.0.0.1','Mozilla/5.0 (X11; Ubuntu; Linux x86_64; rv:43.0) Gecko/20100101 Firefox/43.0','/seedmng/a/sys/user/info','GET','tabPageId=jerichotabiframe_0',''),('8df9cf73ac444eeea1fc78b49f2d6f65','1','内容管理-行业资讯-行业内容','1','2016-04-29 21:11:55','127.0.0.1','Mozilla/5.0 (X11; Ubuntu; Linux x86_64; rv:43.0) Gecko/20100101 Firefox/43.0','/jeesite/a/statuses/jhiStatuses','GET','tabPageId=jerichotabiframe_28',''),('8e0db08643954bd782186e0e7bc02d3c','1','系统登录','1','2016-04-29 15:24:06','127.0.0.1','Mozilla/5.0 (X11; Ubuntu; Linux x86_64; rv:43.0) Gecko/20100101 Firefox/43.0','/jeesite/a/sys/menu/','GET','',''),('8e5042ec7c014f9785235119085513ed','1','系统设置-机构用户-用户管理-查看','1','2016-05-03 16:26:06','127.0.0.1','Mozilla/5.0 (X11; Ubuntu; Linux x86_64; rv:43.0) Gecko/20100101 Firefox/43.0','/seedmng/a/sys/user/list','GET','repage=',''),('8ef88851eb68494184acca31d111390c','1','内容管理-内容管理','1','2016-05-03 15:01:06','127.0.0.1','Mozilla/5.0 (X11; Ubuntu; Linux x86_64; rv:43.0) Gecko/20100101 Firefox/43.0','/seedmng/a/cms/none','GET','',''),('8fbcea96dad54af9b1d769884aa42843','1','系统登录','1','2016-05-03 14:44:04','127.0.0.1','Mozilla/5.0 (X11; Ubuntu; Linux x86_64; rv:43.0) Gecko/20100101 Firefox/43.0','/seedmng/a','GET','',''),('8fc27e2da6524c4f9a347a9ba4522b4a','1','系统设置-系统设置-菜单管理','1','2016-05-05 17:14:42','127.0.0.1','Mozilla/5.0 (X11; Ubuntu; Linux x86_64; rv:43.0) Gecko/20100101 Firefox/43.0','/seedmng/a/sys/menu/','GET','tabPageId=jerichotabiframe_5',''),('9062efaf7a674378b8b5bd31c8d9c92c','1','内容管理-内容管理','1','2016-05-03 15:03:24','127.0.0.1','Mozilla/5.0 (X11; Ubuntu; Linux x86_64; rv:43.0) Gecko/20100101 Firefox/43.0','/seedmng/a/cms/tree','GET','',''),('90d930c4c6444ce9bff65c023d741ca6','1','内容管理-内容管理','1','2016-04-29 15:01:27','127.0.0.1','Mozilla/5.0 (X11; Ubuntu; Linux x86_64; rv:43.0) Gecko/20100101 Firefox/43.0','/jeesite/a/cms/tree','GET','',''),('9115bceac83147578b2b81730002336a','1','系统设置-系统设置-菜单管理','1','2016-04-29 15:24:06','127.0.0.1','Mozilla/5.0 (X11; Ubuntu; Linux x86_64; rv:43.0) Gecko/20100101 Firefox/43.0','/jeesite/a/sys/menu/','GET','',''),('91acd26e2fef45a999e1918c2df63fa0','1','系统登录','1','2016-05-03 10:44:41','127.0.0.1','Mozilla/5.0 (X11; Ubuntu; Linux x86_64; rv:43.0) Gecko/20100101 Firefox/43.0','/jeesite/a;JSESSIONID=75f8e4fe1a05456db9998f18a4c13fb3','GET','',''),('91c26dc711a74e218331e23406f1958f','1','系统设置-系统设置-字典管理','1','2016-04-29 14:56:32','127.0.0.1','Mozilla/5.0 (X11; Ubuntu; Linux x86_64; rv:43.0) Gecko/20100101 Firefox/43.0','/jeesite/a/sys/dict/','POST','pageSize=30&description=&type=&pageNo=2',''),('91c45df81613494581a92c48524f5375','1','内容管理-内容管理','1','2016-04-29 15:27:58','127.0.0.1','Mozilla/5.0 (X11; Ubuntu; Linux x86_64; rv:43.0) Gecko/20100101 Firefox/43.0','/jeesite/a/cms/tree','GET','',''),('920422441b0a406698ee6d619c1cf5c0','1','内容管理-行业资讯-资讯分类-修改','1','2016-05-03 15:19:51','127.0.0.1','Mozilla/5.0 (X11; Ubuntu; Linux x86_64; rv:43.0) Gecko/20100101 Firefox/43.0','/seedmng/a/statuses/jhiStatusCategory/delete','GET','id=1',''),('9290b5ad0b5747be8bc126631d0f51ff','1','系统设置-系统设置-字典管理','1','2016-04-29 14:56:08','127.0.0.1','Mozilla/5.0 (X11; Ubuntu; Linux x86_64; rv:43.0) Gecko/20100101 Firefox/43.0','/jeesite/a/sys/dict/','GET','tabPageId=jerichotabiframe_7',''),('92ec4f700aef48c38743edbf6922c12b','1','内容管理-行业资讯-行业内容-编辑','1','2016-05-03 15:29:58','127.0.0.1','Mozilla/5.0 (X11; Ubuntu; Linux x86_64; rv:43.0) Gecko/20100101 Firefox/43.0','/seedmng/a/statuses/jhiStatuses/save','POST','summary=七七及开发急啊第十六届发卡来设定激发卡及对方附加阿达上来讲发卡来设定激发\r\n附加阿斯顿看了几法拉收...&category.name=圈子乱弹&isHead=1&source=圈子里&category.id=4&title=奇葩事情天天发生&originalPic=http://test-txhs-com.oss-cn-hangzhou.aliyuncs.com//upload/image/20160503/1462260186904086404.jpg&tags=奇葩&attacment=&top=1&_top=on&id=&text=&lt;p&gt;&lt;img alt=&quot;3b87e950352ac65cb48ae4d2fef2b21192138a80.jpg&quot; src=&quot;http://te...',''),('9334cfd7908e41bdad372876a5c5588f','1','系统登录','1','2016-04-29 15:39:27','127.0.0.1','Mozilla/5.0 (X11; Ubuntu; Linux x86_64; rv:43.0) Gecko/20100101 Firefox/43.0','/jeesite/a/cms/article/selectList','GET','pageSize=8&___t0.10357896146072287=',''),('939fb1fcefc845ebbb7a6647fbb54a98','1','系统设置-系统设置-菜单管理','1','2016-04-29 15:14:25','127.0.0.1','Mozilla/5.0 (X11; Ubuntu; Linux x86_64; rv:43.0) Gecko/20100101 Firefox/43.0','/jeesite/a/sys/menu/','GET','',''),('94139a3808f04f77b9ccd8a7d3b85443','1','系统设置-机构用户-用户管理-修改','1','2016-05-03 16:18:17','127.0.0.1','Mozilla/5.0 (X11; Ubuntu; Linux x86_64; rv:43.0) Gecko/20100101 Firefox/43.0','/seedmng/a/sys/user/checkLoginName','GET','oldLoginName=&loginName=lvlin',''),('9419487daecd43f0be85f550c65d755e','1','内容管理-行业资讯-行业内容-查看','1','2016-05-03 15:03:30','127.0.0.1','Mozilla/5.0 (X11; Ubuntu; Linux x86_64; rv:43.0) Gecko/20100101 Firefox/43.0','/seedmng/a/statuses/jhiStatuses/form','GET','',''),('94498eef0f6e48799a6e154fd0382de7','1','代码生成-代码生成-业务表配置','1','2016-05-05 10:33:50','127.0.0.1','Mozilla/5.0 (X11; Ubuntu; Linux x86_64; rv:43.0) Gecko/20100101 Firefox/43.0','/seedmng/a/gen/genTable','GET','tabPageId=jerichotabiframe_1',''),('972f42325ae44fec8915d80a5525c7fb','1','在线办公-通知通告-我的通告','1','2016-04-29 15:27:57','127.0.0.1','Mozilla/5.0 (X11; Ubuntu; Linux x86_64; rv:43.0) Gecko/20100101 Firefox/43.0','/jeesite/a/oa/oaNotify/self','GET','tabPageId=jerichotabiframe_1',''),('97fece0d7b0744429c1ff9731adc3b8f','1','系统设置-系统设置-菜单管理-修改','1','2016-05-05 17:12:18','127.0.0.1','Mozilla/5.0 (X11; Ubuntu; Linux x86_64; rv:43.0) Gecko/20100101 Firefox/43.0','/seedmng/a/sys/menu/save','POST','parent.name=新闻线索爆料&name=编辑&icon=&parent.id=a4461ad134864ab0a159c5d40633aca5&permission=statuses:newsClue:edit&id=&href=&sort=60&remarks=&target=&isShow=0',''),('9aa2003c31d24f86bf709673ff97ce32','1','内容管理-行业资讯-行业内容-编辑','942475a82d4c4d059191e32b5e17c207','2016-05-03 17:34:25','127.0.0.1','Mozilla/5.0 (X11; Ubuntu; Linux x86_64; rv:43.0) Gecko/20100101 Firefox/43.0','/seedmng/a/statuses/jhiStatuses/save','POST','summary=fdsafasdfasd&category.name=圈子乱弹&isHead=1&source=&category.id=4&title=dfasdf&originalPic=/upload/image/20160503/1462268029187079190.jpg&content=fasdfasdfasdf&tags=fads&attacment=&top=1&_top=on&id=',''),('9b4d17a060114636b0eb47b013e76394','1','我的面板-个人信息-个人信息','1','2016-05-05 17:14:13','127.0.0.1','Mozilla/5.0 (X11; Ubuntu; Linux x86_64; rv:43.0) Gecko/20100101 Firefox/43.0','/seedmng/a/sys/user/info','GET','tabPageId=jerichotabiframe_0',''),('9bd77734ed8a4b24a81e3d3a8b467755','1','内容管理-行业资讯-行业内容-查看','1','2016-05-03 11:20:35','127.0.0.1','Mozilla/5.0 (X11; Ubuntu; Linux x86_64; rv:43.0) Gecko/20100101 Firefox/43.0','/jeesite/a/statuses/jhiStatuses/form','GET','',''),('9c5583b11dba410f9f2e64690ab1b831','1','内容管理-内容管理-内容发布-文章模型-查看','1','2016-04-29 15:39:27','127.0.0.1','Mozilla/5.0 (X11; Ubuntu; Linux x86_64; rv:43.0) Gecko/20100101 Firefox/43.0','/jeesite/a/cms/article/selectList','POST','pageSize=8&___t0.10357896146072287=',''),('9e0bfc1de24b435bb0f22de78f21cec9','1','系统登录','70262adb686d4e09a90637416213d547','2016-05-03 16:21:20','127.0.0.1','Mozilla/5.0 (X11; Ubuntu; Linux x86_64; rv:43.0) Gecko/20100101 Firefox/43.0','/seedmng/a','GET','login=',''),('9eade2488b6c494f997530a0c0966e10','1','系统设置-机构用户-用户管理','1','2016-04-29 15:26:40','127.0.0.1','Mozilla/5.0 (X11; Ubuntu; Linux x86_64; rv:43.0) Gecko/20100101 Firefox/43.0','/jeesite/a/sys/user/index','GET','tabPageId=jerichotabiframe_2',''),('9ebfec212d264979b549a63218f06bb9','1','内容管理-行业资讯-行业内容-编辑','942475a82d4c4d059191e32b5e17c207','2016-05-03 18:11:42','127.0.0.1','Mozilla/5.0 (X11; Ubuntu; Linux x86_64; rv:43.0) Gecko/20100101 Firefox/43.0','/seedmng/a/statuses/jhiStatuses/save','POST','summary=七七及开发急啊第十六届发卡来设定激发卡及对方附加阿达上来讲发卡来设定激发\r\n附加阿斯顿看了几法拉收...&category.name=圈子乱弹&isHead=1&source=圈子里&category.id=4&title=奇葩事情天天发生&originalPic=/upload/image/20160503/1462270297546008900.jpg&content=&tags=奇葩&attacment=&top=1&_top=on&id=2',''),('9ec2da781af34d60b028667b385eca7c','1','内容管理-行业资讯-行业内容-查看','1','2016-05-05 17:41:31','127.0.0.1','Mozilla/5.0 (X11; Ubuntu; Linux x86_64; rv:43.0) Gecko/20100101 Firefox/43.0','/seedmng/a/statuses/jhiStatuses/form','GET','',''),('9ecb7f84cf3c4e8d9b844f8f0e2d905e','1','内容管理-内容管理-内容发布','1','2016-04-29 18:00:56','127.0.0.1','Mozilla/5.0 (X11; Ubuntu; Linux x86_64; rv:43.0) Gecko/20100101 Firefox/43.0','/jeesite/a/cms/','GET','tabPageId=jerichotabiframe_1',''),('9f6209beb9424841b80f95832d055595','1','内容管理-内容管理-内容发布','1','2016-04-29 15:26:28','127.0.0.1','Mozilla/5.0 (X11; Ubuntu; Linux x86_64; rv:43.0) Gecko/20100101 Firefox/43.0','/jeesite/a/cms/','GET','tabPageId=jerichotabiframe_1',''),('9f9d98730016455ca1fc14c8cee42a4f','1','我的面板-个人信息-个人信息','1','2016-05-03 11:52:28','127.0.0.1','Mozilla/5.0 (X11; Ubuntu; Linux x86_64; rv:43.0) Gecko/20100101 Firefox/43.0','/jeesite/a/sys/user/info','GET','tabPageId=jerichotabiframe_0',''),('9fd0c0530e06495897a6ea651809f41b','1','系统登录','1','2016-05-03 15:55:22','127.0.0.1','Mozilla/5.0 (X11; Ubuntu; Linux x86_64; rv:43.0) Gecko/20100101 Firefox/43.0','/seedmng/a/statuses/jhiStatuses','GET','tabPageId=jerichotabiframe_9',''),('a04260071dbb4e828a90f70d9c76bfc9','1','内容管理-内容管理-内容发布-文章模型-查看','1','2016-05-03 15:13:05','127.0.0.1','Mozilla/5.0 (X11; Ubuntu; Linux x86_64; rv:43.0) Gecko/20100101 Firefox/43.0','/seedmng/a/cms/article/form','GET','category.id=13&category.name=浏览辅助&id=',''),('a0920a19d61145a28e1ceccd75fbe5cd','1','内容管理-行业资讯-资讯分类','942475a82d4c4d059191e32b5e17c207','2016-05-03 17:44:43','127.0.0.1','Mozilla/5.0 (X11; Ubuntu; Linux x86_64; rv:43.0) Gecko/20100101 Firefox/43.0','/seedmng/a/statuses/jhiStatusCategory','GET','tabPageId=jerichotabiframe_1',''),('a0d504f0df1240d79fb421ea6e51c7f4','1','内容管理-行业资讯-行业内容-查看','942475a82d4c4d059191e32b5e17c207','2016-05-03 18:11:09','127.0.0.1','Mozilla/5.0 (X11; Ubuntu; Linux x86_64; rv:43.0) Gecko/20100101 Firefox/43.0','/seedmng/a/statuses/jhiStatuses/form','GET','id=1',''),('a0dd7cd03d1b4221a79be30ed057789a','1','内容管理-行业资讯-行业内容-编辑','1','2016-05-03 15:43:21','127.0.0.1','Mozilla/5.0 (X11; Ubuntu; Linux x86_64; rv:43.0) Gecko/20100101 Firefox/43.0','/seedmng/a/statuses/jhiStatuses/save','POST','summary=七七及开发急啊第十六届发卡来设定激发卡及对方附加阿达上来讲发卡来设定激发\r\n附加阿斯顿看了几法拉收...&category.name=圈子乱弹&isHead=1&source=圈子里&category.id=4&title=奇葩事情天天发生&originalPic=http://test-txhs-com.oss-cn-hangzhou.aliyuncs.com//upload/image/20160503/1462260186904086404.jpg&tags=奇葩&attacment=&top=1&_top=on&id=&text=&lt;p&gt;&amp;lt;p&amp;gt;&amp;lt;img alt=&amp;quot;3b87e950352ac65cb48ae4d2fef2b21192138a80.jpg&...',''),('a0e24ae4de634e28be161d157fca0f9a','1','系统登录','1','2016-05-03 13:59:10','127.0.0.1','Mozilla/5.0 (X11; Ubuntu; Linux x86_64; rv:43.0) Gecko/20100101 Firefox/43.0','/seedmng/a/statuses/jhiStatuses','GET','tabPageId=jerichotabiframe_4',''),('a15eb7206bd84451906e87f32d3a0eef','1','内容管理-内容管理','1','2016-04-29 15:26:29','127.0.0.1','Mozilla/5.0 (X11; Ubuntu; Linux x86_64; rv:43.0) Gecko/20100101 Firefox/43.0','/jeesite/a/cms/tree','GET','',''),('a2426a2da78941a8b1b4fdc554e2c2a4','1','内容管理-行业资讯-行业内容','1','2016-05-03 11:19:55','127.0.0.1','Mozilla/5.0 (X11; Ubuntu; Linux x86_64; rv:43.0) Gecko/20100101 Firefox/43.0','/jeesite/a/statuses/jhiStatuses','GET','tabPageId=jerichotabiframe_5',''),('a285bb09ff8440d0956f08c84a952447','1','内容管理-内容管理-内容发布','1','2016-04-29 16:20:51','127.0.0.1','Mozilla/5.0 (X11; Ubuntu; Linux x86_64; rv:43.0) Gecko/20100101 Firefox/43.0','/jeesite/a/cms/','GET','tabPageId=jerichotabiframe_1',''),('a2db890e2374430aad7c43d76b56ab59','1','系统设置-系统设置-菜单管理-查看','1','2016-05-05 17:12:30','127.0.0.1','Mozilla/5.0 (X11; Ubuntu; Linux x86_64; rv:43.0) Gecko/20100101 Firefox/43.0','/seedmng/a/sys/menu/form','GET','parent.id=1d8e6cab6ef641418581234bdb2b460c',''),('a30b92a404f64a36a033ec952756de84','1','内容管理-行业资讯-资讯分类-查询','1','2016-04-29 21:19:21','127.0.0.1','Mozilla/5.0 (X11; Ubuntu; Linux x86_64; rv:43.0) Gecko/20100101 Firefox/43.0','/jeesite/a/statuses/jhiStatusCategory/','GET','',''),('a36a26bcbdf94b44a275bf37523e9fee','1','系统设置-系统设置-菜单管理-查看','1','2016-04-29 15:02:37','127.0.0.1','Mozilla/5.0 (X11; Ubuntu; Linux x86_64; rv:43.0) Gecko/20100101 Firefox/43.0','/jeesite/a/sys/menu/form','GET','',''),('a3a2781b6136416d9ab730a2553d12b1','1','内容管理-行业资讯-行业内容-编辑','1','2016-05-03 15:41:56','127.0.0.1','Mozilla/5.0 (X11; Ubuntu; Linux x86_64; rv:43.0) Gecko/20100101 Firefox/43.0','/seedmng/a/statuses/jhiStatuses/save','POST','summary=七七及开发急啊第十六届发卡来设定激发卡及对方附加阿达上来讲发卡来设定激发\r\n附加阿斯顿看了几法拉收...&category.name=圈子乱弹&isHead=1&source=圈子里&category.id=4&title=奇葩事情天天发生&originalPic=http://test-txhs-com.oss-cn-hangzhou.aliyuncs.com//upload/image/20160503/1462260186904086404.jpg&tags=奇葩&attacment=&top=1&_top=on&id=&text=&lt;p&gt;&amp;lt;p&amp;gt;&amp;lt;img alt=&amp;quot;3b87e950352ac65cb48ae4d2fef2b21192138a80.jpg&...',''),('a3c7f1b08273490d8f7c76c2001784f2','1','内容管理-内容管理','1','2016-04-29 15:29:08','127.0.0.1','Mozilla/5.0 (X11; Ubuntu; Linux x86_64; rv:43.0) Gecko/20100101 Firefox/43.0','/jeesite/a/cms/tree','GET','',''),('a3db680dc2db45fcb80f2628c45de8a8','1','系统登录','1','2016-05-05 10:27:18','127.0.0.1','Mozilla/5.0 (X11; Ubuntu; Linux x86_64; rv:43.0) Gecko/20100101 Firefox/43.0','/seedmng/a','GET','login=',''),('a441e761db534ea9a8108808ff4988d0','1','内容管理-行业资讯-行业内容-查看','1','2016-04-29 21:21:09','127.0.0.1','Mozilla/5.0 (X11; Ubuntu; Linux x86_64; rv:43.0) Gecko/20100101 Firefox/43.0','/jeesite/a/statuses/jhiStatuses/','GET','',''),('a4467df172794807bd7b3f5fb540bafd','1','内容管理-内容管理-内容发布-文章模型-查看','1','2016-04-29 15:32:47','127.0.0.1','Mozilla/5.0 (X11; Ubuntu; Linux x86_64; rv:43.0) Gecko/20100101 Firefox/43.0','/jeesite/a/cms/article/form','GET','category.id=3&category.name=网站简介&id=',''),('a482feca3a5f494d84dbb01af707a905','1','内容管理-行业资讯-行业内容','1','2016-05-03 11:52:35','127.0.0.1','Mozilla/5.0 (X11; Ubuntu; Linux x86_64; rv:43.0) Gecko/20100101 Firefox/43.0','/jeesite/a/statuses/jhiStatuses','GET','tabPageId=jerichotabiframe_2',''),('a4eb952202c44f0385027fbdb96a6198','1','系统设置-机构用户-用户管理','1','2016-05-03 16:13:53','127.0.0.1','Mozilla/5.0 (X11; Ubuntu; Linux x86_64; rv:43.0) Gecko/20100101 Firefox/43.0','/seedmng/a/sys/user/index','GET','tabPageId=jerichotabiframe_1',''),('a624381061fa4dd4af95fcda1449f96c','1','系统设置-系统设置-菜单管理-查看','1','2016-04-29 15:02:17','127.0.0.1','Mozilla/5.0 (X11; Ubuntu; Linux x86_64; rv:43.0) Gecko/20100101 Firefox/43.0','/jeesite/a/sys/menu/form','GET','id=31',''),('a672a7398f9b48e2923a0bfbbd7e2351','1','内容管理-行业资讯-资讯分类-查询','1','2016-05-03 10:57:59','127.0.0.1','Mozilla/5.0 (X11; Ubuntu; Linux x86_64; rv:43.0) Gecko/20100101 Firefox/43.0','/jeesite/a/statuses/jhiStatusCategory/','GET','repage=',''),('a69cebb8e0284139ab4d38138cab582c','1','系统设置-机构用户-用户管理-修改','1','2016-05-03 16:21:04','127.0.0.1','Mozilla/5.0 (X11; Ubuntu; Linux x86_64; rv:43.0) Gecko/20100101 Firefox/43.0','/seedmng/a/sys/user/checkLoginName','GET','oldLoginName=lvlin&loginName=lvlin',''),('a739ba14e5854bb19f195a52a1a520ab','1','内容管理-行业资讯-行业内容-查看','942475a82d4c4d059191e32b5e17c207','2016-05-03 18:11:29','127.0.0.1','Mozilla/5.0 (X11; Ubuntu; Linux x86_64; rv:43.0) Gecko/20100101 Firefox/43.0','/seedmng/a/statuses/jhiStatuses/','GET','repage=',''),('a771f116cd424de089173205a0869c71','1','内容管理-行业资讯-行业内容-查看','1','2016-05-05 10:34:05','127.0.0.1','Mozilla/5.0 (X11; Ubuntu; Linux x86_64; rv:43.0) Gecko/20100101 Firefox/43.0','/seedmng/a/statuses/jhiStatuses/form','GET','id=1',''),('a7d098973da74916b0eb2bdaef95c382','1','内容管理-行业资讯-资讯分类-修改','1','2016-05-03 15:22:34','127.0.0.1','Mozilla/5.0 (X11; Ubuntu; Linux x86_64; rv:43.0) Gecko/20100101 Firefox/43.0','/seedmng/a/statuses/jhiStatusCategory/save','POST','name=圈子乱弹&icon=&id=',''),('a7fcfa490ef24a5580b0a6da4e9f4972','1','内容管理-行业资讯-资讯分类-查询','1','2016-04-29 19:56:00','127.0.0.1','Mozilla/5.0 (X11; Ubuntu; Linux x86_64; rv:43.0) Gecko/20100101 Firefox/43.0','/jeesite/a/statuses/jhiStatusCategory/','POST','name=&pageSize=30&pageNo=1',''),('a87b998d0fae490492ea9955924b38ec','1','内容管理-行业资讯-资讯分类','1','2016-04-29 15:29:11','127.0.0.1','Mozilla/5.0 (X11; Ubuntu; Linux x86_64; rv:43.0) Gecko/20100101 Firefox/43.0','/jeesite/a/statuses/jhiStatusCategory','GET','tabPageId=jerichotabiframe_3',''),('a90cd9c5bdd04920aedcd7e6e47e6166','1','系统设置-机构用户-用户管理-查看','1','2016-04-29 14:41:34','127.0.0.1','Mozilla/5.0 (X11; Ubuntu; Linux x86_64; rv:43.0) Gecko/20100101 Firefox/43.0','/jeesite/a/sys/user/list','GET','',''),('aa00b6291e5f434db6354c5d677d85c3','1','内容管理-内容管理','1','2016-04-29 16:23:08','127.0.0.1','Mozilla/5.0 (X11; Ubuntu; Linux x86_64; rv:43.0) Gecko/20100101 Firefox/43.0','/jeesite/a/cms/tree','GET','',''),('aa17333982c84f66b67f8330994bac95','1','系统设置-系统设置-菜单管理-修改','1','2016-04-29 15:25:48','127.0.0.1','Mozilla/5.0 (X11; Ubuntu; Linux x86_64; rv:43.0) Gecko/20100101 Firefox/43.0','/jeesite/a/sys/menu/save','POST','parent.name=行业内容&name=编辑&icon=&parent.id=8a5946ec80f44b4f8236d2c4e6b66610&permission=statuses:jhiStatuses:edit&id=&href=&sort=60&remarks=&target=&isShow=0',''),('aa39b9b795494cb2a1e427cdc39bd8b1','1','系统设置-系统设置-菜单管理','1','2016-04-29 15:05:33','127.0.0.1','Mozilla/5.0 (X11; Ubuntu; Linux x86_64; rv:43.0) Gecko/20100101 Firefox/43.0','/jeesite/a/sys/menu/','GET','',''),('ab32c0ec06e64d529ae6f1b6ddebb162','1','系统设置-系统设置-菜单管理-查看','1','2016-05-05 17:10:13','127.0.0.1','Mozilla/5.0 (X11; Ubuntu; Linux x86_64; rv:43.0) Gecko/20100101 Firefox/43.0','/seedmng/a/sys/menu/form','GET','parent.id=9072e6356cdb450ca088004c5b112499',''),('ac334313ad4f43889bcf40e9136f874b','1','系统设置-系统设置-菜单管理-修改','1','2016-05-05 17:10:00','127.0.0.1','Mozilla/5.0 (X11; Ubuntu; Linux x86_64; rv:43.0) Gecko/20100101 Firefox/43.0','/seedmng/a/sys/menu/save','POST','parent.name=内容管理&name=首页条幅&icon=&parent.id=31&permission=&id=1d8e6cab6ef641418581234bdb2b460c&href=/statuses/banner&sort=5060&remarks=&target=&isShow=1',''),('ad3f56b9adc044f4afef64d71ede833a','1','系统设置-机构用户-机构管理-查看','1','2016-05-03 16:15:39','127.0.0.1','Mozilla/5.0 (X11; Ubuntu; Linux x86_64; rv:43.0) Gecko/20100101 Firefox/43.0','/seedmng/a/sys/office/list','GET','parentIds=0,&id=',''),('adfce0008ce349cdac4d797178b4df73','1','系统登录','1','2016-05-03 15:24:05','127.0.0.1','Mozilla/5.0 (X11; Ubuntu; Linux x86_64; rv:43.0) Gecko/20100101 Firefox/43.0','/seedmng/a/statuses/jhiStatuses/save','POST','summary=七七及开发急啊第十六届发卡来设定激发卡及对方附加阿达上来讲发卡来设定激发\r\n附加阿斯顿看了几法拉收...&category.name=圈子乱弹&isHead=1&source=圈子里&category.id=4&title=奇葩事情天天发生&originalPic=http://test-txhs-com.oss-cn-hangzhou.aliyuncs.com//upload/image/20160503/1462260186904086404.jpg&tags=奇葩&attacment=&top=1&_top=on&id=&text=奇葩事情知多少哦啊知道附加大森林附加阿卡来设定激发拉萨的积分拉卡集散地弗兰克急啊岁的老打飞机阿拉...',''),('ae25a816be2649adb05c9039fc68f641','1','在线办公-通知通告-我的通告','1','2016-04-29 14:33:58','127.0.0.1','Mozilla/5.0 (X11; Ubuntu; Linux x86_64; rv:43.0) Gecko/20100101 Firefox/43.0','/jeesite/a/oa/oaNotify/self','GET','tabPageId=jerichotabiframe_1',''),('ae334bf708644ecd9d108f7408ce6b2f','1','代码生成-代码生成-业务表配置','1','2016-04-29 14:41:41','127.0.0.1','Mozilla/5.0 (X11; Ubuntu; Linux x86_64; rv:43.0) Gecko/20100101 Firefox/43.0','/jeesite/a/gen/genTable','GET','tabPageId=jerichotabiframe_2',''),('aee02d87f5554939ab9c6077fbfc7a8d','1','内容管理-行业资讯-资讯分类-修改','1','2016-05-03 10:57:58','127.0.0.1','Mozilla/5.0 (X11; Ubuntu; Linux x86_64; rv:43.0) Gecko/20100101 Firefox/43.0','/jeesite/a/statuses/jhiStatusCategory/save','POST','name=天下杂谈&icon=&id=',''),('af1bbbe238cd48cbb607716a55c17c47','1','系统设置-系统设置-角色管理-修改','1','2016-05-05 17:15:33','127.0.0.1','Mozilla/5.0 (X11; Ubuntu; Linux x86_64; rv:43.0) Gecko/20100101 Firefox/43.0','/seedmng/a/sys/role/save','POST','oldEnname=zb&office.id=2&roleType=assignment&sysData=1&dataScope=4&enname=zb&useable=1&officeIds=&office.name=公司领导&oldName=总编&name=总编&id=4&menuIds=1,27,28,29,30,31,9072e6356cdb450ca088004c5b112499,1abe6c0febab4060923b456038d3d929,442eca52d9f94f...&remarks=',''),('af4db5a38de849758ba868ed226a4c01','1','系统设置-系统设置-菜单管理-修改','1','2016-04-29 15:05:33','127.0.0.1','Mozilla/5.0 (X11; Ubuntu; Linux x86_64; rv:43.0) Gecko/20100101 Firefox/43.0','/jeesite/a/sys/menu/save','POST','parent.name=行业资讯&name=资讯分类&icon=&parent.id=9072e6356cdb450ca088004c5b112499&permission=&id=&href=/statuses/jhistatusescategory&sort=30&remarks=&target=&isShow=1',''),('b047adfc90574b24a7b66043291c9501','1','内容管理-行业资讯-行业内容-查看','942475a82d4c4d059191e32b5e17c207','2016-05-03 17:44:56','127.0.0.1','Mozilla/5.0 (X11; Ubuntu; Linux x86_64; rv:43.0) Gecko/20100101 Firefox/43.0','/seedmng/a/statuses/jhiStatuses/form','GET','',''),('b0e5e5b90792478383cb628a8b2ce446','1','我的面板-个人信息-个人信息','1','2016-05-05 10:27:19','127.0.0.1','Mozilla/5.0 (X11; Ubuntu; Linux x86_64; rv:43.0) Gecko/20100101 Firefox/43.0','/seedmng/a/sys/user/info','GET','tabPageId=jerichotabiframe_0',''),('b17888a4e5cc4b49a3aa30173533a4a3','1','内容管理-行业资讯-资讯分类','1','2016-04-29 21:00:26','127.0.0.1','Mozilla/5.0 (X11; Ubuntu; Linux x86_64; rv:43.0) Gecko/20100101 Firefox/43.0','/jeesite/a/statuses/jhiStatusCategory','GET','tabPageId=jerichotabiframe_23',''),('b1aca1fa27eb4ed485eea0a160ec3dd5','1','系统设置-系统设置-菜单管理','1','2016-04-29 15:25:29','127.0.0.1','Mozilla/5.0 (X11; Ubuntu; Linux x86_64; rv:43.0) Gecko/20100101 Firefox/43.0','/jeesite/a/sys/menu/','GET','',''),('b32dfef32c074107b3c298da691a0852','1','系统设置-机构用户-区域管理','1','2016-05-03 16:14:40','127.0.0.1','Mozilla/5.0 (X11; Ubuntu; Linux x86_64; rv:43.0) Gecko/20100101 Firefox/43.0','/seedmng/a/sys/area/','GET','tabPageId=jerichotabiframe_4',''),('b39b8d38815742aca3add787b7d83d5d','1','内容管理-内容管理','1','2016-05-03 16:22:56','127.0.0.1','Mozilla/5.0 (X11; Ubuntu; Linux x86_64; rv:43.0) Gecko/20100101 Firefox/43.0','/seedmng/a/cms/tree','GET','',''),('b3bf7a1b32f04eae8002c395de412c1b','1','内容管理-内容管理','1','2016-05-05 10:33:52','127.0.0.1','Mozilla/5.0 (X11; Ubuntu; Linux x86_64; rv:43.0) Gecko/20100101 Firefox/43.0','/seedmng/a/cms/none','GET','',''),('b43d7a2c999644adb834ba39a1b4d9f1','1','我的面板-个人信息-个人信息','1','2016-05-03 11:00:23','127.0.0.1','Mozilla/5.0 (X11; Ubuntu; Linux x86_64; rv:43.0) Gecko/20100101 Firefox/43.0','/jeesite/a/sys/user/info','GET','tabPageId=jerichotabiframe_0',''),('b4e0aba992e04a4dbf0e078c3a75801d','1','内容管理-行业资讯-资讯分类','1','2016-05-03 11:00:35','127.0.0.1','Mozilla/5.0 (X11; Ubuntu; Linux x86_64; rv:43.0) Gecko/20100101 Firefox/43.0','/jeesite/a/statuses/jhiStatusCategory','GET','tabPageId=jerichotabiframe_3',''),('b547088c54a746e094c883fb5fd167d0','1','内容管理-内容管理-内容发布-文章模型-修改','1','2016-05-05 10:27:52','127.0.0.1','Mozilla/5.0 (X11; Ubuntu; Linux x86_64; rv:43.0) Gecko/20100101 Firefox/43.0','/seedmng/a/cms/article/save','POST','image=&articleData.content=fadsfadsfasdfasdfasdfasdfasdfasdfasd&color=&keywords=&category.name=网站简介&link=&weight=0&description=fadsfad&viewConfig=&category.id=3&title=fadsfasd&delFlag=0&articleData.relation=&articleData.allowComment=1&customContentView=&id=&_posidList=on&weightDate=&articleData.copyfrom=&createDate=',''),('b55035ef7afd48e78d2ff2d6831ddba3','1','我的面板-个人信息-个人信息','1','2016-04-29 15:26:17','127.0.0.1','Mozilla/5.0 (X11; Ubuntu; Linux x86_64; rv:43.0) Gecko/20100101 Firefox/43.0','/jeesite/a/sys/user/info','GET','tabPageId=jerichotabiframe_0',''),('b5b81d5eee7449099f9e57aa8e6d47f2','1','系统设置-系统设置-字典管理','1','2016-04-29 14:56:40','127.0.0.1','Mozilla/5.0 (X11; Ubuntu; Linux x86_64; rv:43.0) Gecko/20100101 Firefox/43.0','/jeesite/a/sys/dict/','POST','pageSize=30&description=&type=&pageNo=3',''),('b6a7e91afaba420eac65e8b477810d86','1','内容管理-行业资讯-行业内容-查看','1','2016-05-03 15:06:23','127.0.0.1','Mozilla/5.0 (X11; Ubuntu; Linux x86_64; rv:43.0) Gecko/20100101 Firefox/43.0','/seedmng/a/statuses/jhiStatuses/','GET','',''),('b720f6fabbef453d9ad8eb0a711f9377','1','内容管理-内容管理','1','2016-04-29 15:27:58','127.0.0.1','Mozilla/5.0 (X11; Ubuntu; Linux x86_64; rv:43.0) Gecko/20100101 Firefox/43.0','/jeesite/a/cms/none','GET','',''),('b7859e66cf1746f6996bc272b623ad17','1','内容管理-行业资讯-行业内容-查看','1','2016-05-03 13:13:19','127.0.0.1','Mozilla/5.0 (X11; Ubuntu; Linux x86_64; rv:43.0) Gecko/20100101 Firefox/43.0','/seedmng/a/statuses/jhiStatuses/form','GET','',''),('b7c1b9402a964369b21ff45b730ebbb7','1','内容管理-内容管理-内容发布','1','2016-05-03 15:15:26','127.0.0.1','Mozilla/5.0 (X11; Ubuntu; Linux x86_64; rv:43.0) Gecko/20100101 Firefox/43.0','/seedmng/a/cms/','GET','tabPageId=jerichotabiframe_1',''),('b7f5d2427ad64c2cb915fa5174137fc1','1','内容管理-内容管理-内容发布','1','2016-05-05 10:33:51','127.0.0.1','Mozilla/5.0 (X11; Ubuntu; Linux x86_64; rv:43.0) Gecko/20100101 Firefox/43.0','/seedmng/a/cms/','GET','tabPageId=jerichotabiframe_3',''),('b7fcdf0ed8a14c0580479623b62c3c30','1','代码生成-代码生成-业务表配置','1','2016-05-03 16:22:48','127.0.0.1','Mozilla/5.0 (X11; Ubuntu; Linux x86_64; rv:43.0) Gecko/20100101 Firefox/43.0','/seedmng/a/gen/genTable','GET','tabPageId=jerichotabiframe_3',''),('b836093153d24524933c51de32306891','1','系统设置-机构用户-用户管理-修改','1','2016-05-03 16:21:04','127.0.0.1','Mozilla/5.0 (X11; Ubuntu; Linux x86_64; rv:43.0) Gecko/20100101 Firefox/43.0','/seedmng/a/sys/user/save','POST','confirmNewPassword=&no=100101&office.id=6&roleIdList=4&_roleIdList=on&mobile=&photo=&newPassword=&oldLoginName=lvlin&loginFlag=1&company.id=1&phone=&office.name=研发部&loginName=lvlin&name=吕琳&id=70262adb686d4e09a90637416213d547&company.name=总公司&userType=1&email=&remarks=',''),('ba1b61a727a94035bdeb56a044bae10c','1','系统设置-机构用户-机构管理-查看','1','2016-05-03 16:16:05','127.0.0.1','Mozilla/5.0 (X11; Ubuntu; Linux x86_64; rv:43.0) Gecko/20100101 Firefox/43.0','/seedmng/a/sys/office/list','GET','parentIds=0,&id=',''),('ba8b1e40c90b4b37be2b4dad6993ce19','1','系统设置-系统设置-菜单管理-修改','1','2016-05-05 17:09:45','127.0.0.1','Mozilla/5.0 (X11; Ubuntu; Linux x86_64; rv:43.0) Gecko/20100101 Firefox/43.0','/seedmng/a/sys/menu/save','POST','parent.name=内容管理&name=首页条幅&icon=&parent.id=31&permission=&id=&href=&sort=5060&remarks=&target=&isShow=1',''),('ba9fb1f421f2496e8372a452ce655991','1','内容管理-行业资讯-资讯分类-查询','942475a82d4c4d059191e32b5e17c207','2016-05-03 17:04:50','127.0.0.1','Mozilla/5.0 (X11; Ubuntu; Linux x86_64; rv:43.0) Gecko/20100101 Firefox/43.0','/seedmng/a/statuses/jhiStatusCategory/form','GET','',''),('bb38904d0d9e40959563f675aae0a7bc','1','我的面板-个人信息-个人信息','1','2016-05-05 17:08:23','127.0.0.1','Mozilla/5.0 (X11; Ubuntu; Linux x86_64; rv:43.0) Gecko/20100101 Firefox/43.0','/seedmng/a/sys/user/info','GET','tabPageId=jerichotabiframe_0',''),('bbf9d27f876f4ff095e3241d54341c2b','1','在线办公-个人办公-我的任务','1','2016-04-29 14:34:02','127.0.0.1','Mozilla/5.0 (X11; Ubuntu; Linux x86_64; rv:43.0) Gecko/20100101 Firefox/43.0','/jeesite/a/act/task/todo/','GET','tabPageId=jerichotabiframe_2',''),('bd6e734a2c42432fb51da65dfa48703a','1','系统设置-系统设置-菜单管理-修改','1','2016-04-29 15:24:57','127.0.0.1','Mozilla/5.0 (X11; Ubuntu; Linux x86_64; rv:43.0) Gecko/20100101 Firefox/43.0','/jeesite/a/sys/menu/save','POST','parent.name=行业资讯&name=行业内容&icon=&parent.id=9072e6356cdb450ca088004c5b112499&permission=&id=8a5946ec80f44b4f8236d2c4e6b66610&href=/statuses/jhiStatuses&sort=60&remarks=&target=&isShow=1',''),('bdda011808d448688f99d8def963c2f1','1','内容管理-内容管理-内容发布','1','2016-04-29 15:27:58','127.0.0.1','Mozilla/5.0 (X11; Ubuntu; Linux x86_64; rv:43.0) Gecko/20100101 Firefox/43.0','/jeesite/a/cms/','GET','tabPageId=jerichotabiframe_2',''),('be180a65ad584c2bb015e4ee482e2c71','1','系统设置-系统设置-角色管理-修改','1','2016-05-03 16:19:14','127.0.0.1','Mozilla/5.0 (X11; Ubuntu; Linux x86_64; rv:43.0) Gecko/20100101 Firefox/43.0','/seedmng/a/sys/role/delete','GET','id=3',''),('be35a612a5f04a17ab0b8a6310e44fa9','1','内容管理-行业资讯-行业内容','1','2016-05-05 10:36:59','127.0.0.1','Mozilla/5.0 (X11; Ubuntu; Linux x86_64; rv:43.0) Gecko/20100101 Firefox/43.0','/seedmng/a/statuses/jhiStatuses','GET','tabPageId=jerichotabiframe_5',''),('be7c885220ee4a5d97742f6fcf17ca60','1','内容管理-行业资讯-资讯分类-查询','1','2016-04-29 21:00:41','127.0.0.1','Mozilla/5.0 (X11; Ubuntu; Linux x86_64; rv:43.0) Gecko/20100101 Firefox/43.0','/jeesite/a/statuses/jhiStatusCategory/form','GET','id=1',''),('be947d3395ed4fd5b58576398d50a60d','1','我的面板-个人信息-个人信息','1','2016-05-03 15:15:23','127.0.0.1','Mozilla/5.0 (X11; Ubuntu; Linux x86_64; rv:43.0) Gecko/20100101 Firefox/43.0','/seedmng/a/sys/user/info','GET','tabPageId=jerichotabiframe_0',''),('bee998b9297d43fe88b471b701c24805','1','系统设置-系统设置-菜单管理','1','2016-05-05 17:08:30','127.0.0.1','Mozilla/5.0 (X11; Ubuntu; Linux x86_64; rv:43.0) Gecko/20100101 Firefox/43.0','/seedmng/a/sys/menu/','GET','tabPageId=jerichotabiframe_2',''),('bf516ba7252b4c958835126ddce41b39','1','我的面板-个人信息-个人信息','1','2016-05-03 16:13:51','127.0.0.1','Mozilla/5.0 (X11; Ubuntu; Linux x86_64; rv:43.0) Gecko/20100101 Firefox/43.0','/seedmng/a/sys/user/info','GET','tabPageId=jerichotabiframe_0',''),('c16e933395f4449cabf94ea383867b18','1','系统设置-系统设置-菜单管理-修改','1','2016-04-29 15:14:25','127.0.0.1','Mozilla/5.0 (X11; Ubuntu; Linux x86_64; rv:43.0) Gecko/20100101 Firefox/43.0','/jeesite/a/sys/menu/save','POST','parent.name=资讯分类&name=查询&icon=&parent.id=1abe6c0febab4060923b456038d3d929&permission=statuses:jhiStatusCategory:view&id=2abd579b0e7f46e9a95bd86aeca74c2f&href=&sort=60&remarks=&target=&isShow=0',''),('c1e0d5d000ed49dc9338d31f83cd92bf','1','内容管理-行业资讯-资讯分类','1','2016-04-29 18:00:58','127.0.0.1','Mozilla/5.0 (X11; Ubuntu; Linux x86_64; rv:43.0) Gecko/20100101 Firefox/43.0','/jeesite/a/statuses/jhiStatusCategory','GET','tabPageId=jerichotabiframe_2',''),('c1e613f8327b49f889791cb2ee3ca48e','1','内容管理-行业资讯-行业内容-查看','942475a82d4c4d059191e32b5e17c207','2016-05-03 19:12:43','127.0.0.1','Mozilla/5.0 (X11; Ubuntu; Linux x86_64; rv:43.0) Gecko/20100101 Firefox/43.0','/seedmng/a/statuses/jhiStatuses/form','GET','',''),('c249057405094302af80c37141443af4','1','系统登录','1','2016-04-29 17:55:00','127.0.0.1','Mozilla/5.0 (X11; Ubuntu; Linux x86_64; rv:43.0) Gecko/20100101 Firefox/43.0','/jeesite/a','GET','',''),('c296510ab0e44945bee6c61d572a7343','1','系统设置-系统设置-菜单管理-修改','1','2016-04-29 15:25:28','127.0.0.1','Mozilla/5.0 (X11; Ubuntu; Linux x86_64; rv:43.0) Gecko/20100101 Firefox/43.0','/jeesite/a/sys/menu/save','POST','parent.name=行业内容&name=查看&icon=&parent.id=8a5946ec80f44b4f8236d2c4e6b66610&permission=statuses:jhiStatuses:view&id=&href=&sort=30&remarks=&target=&isShow=0',''),('c2a51dbaa6fd449c9071531ecd64d5cc','1','内容管理-内容管理','1','2016-05-03 15:15:27','127.0.0.1','Mozilla/5.0 (X11; Ubuntu; Linux x86_64; rv:43.0) Gecko/20100101 Firefox/43.0','/seedmng/a/cms/tree','GET','',''),('c332c5fd2248471f9d733e8c1f5cf645','1','系统设置-系统设置-菜单管理-修改','1','2016-04-29 15:03:38','127.0.0.1','Mozilla/5.0 (X11; Ubuntu; Linux x86_64; rv:43.0) Gecko/20100101 Firefox/43.0','/jeesite/a/sys/menu/save','POST','parent.name=功能菜单&name=行业资讯&icon=&parent.id=1&permission=&id=&href=&sort=5030&remarks=&target=&isShow=1',''),('c36399df78614461b7154386ee1ba486','1','系统设置-系统设置-角色管理-修改','1','2016-05-03 16:20:30','127.0.0.1','Mozilla/5.0 (X11; Ubuntu; Linux x86_64; rv:43.0) Gecko/20100101 Firefox/43.0','/seedmng/a/sys/role/save','POST','oldEnname=b&office.id=2&roleType=assignment&sysData=1&dataScope=4&enname=zb&useable=1&officeIds=&office.name=公司领导&oldName=部门管理员&name=总编&id=4&menuIds=1,27,28,29,30,71,56,57,58,59,31,9072e6356cdb450ca088004c5b112499,1abe6c0febab4060923b456038d3d929...&remarks=',''),('c37e4827f7184d038bc1acf2bd48385c','1','内容管理-行业资讯-行业内容-查看','1','2016-05-03 15:55:26','127.0.0.1','Mozilla/5.0 (X11; Ubuntu; Linux x86_64; rv:43.0) Gecko/20100101 Firefox/43.0','/seedmng/a/statuses/jhiStatuses/form','GET','',''),('c407f3d4d5da4c2ebb452e84acc03f4a','1','内容管理-行业资讯-行业内容','942475a82d4c4d059191e32b5e17c207','2016-05-03 19:12:41','127.0.0.1','Mozilla/5.0 (X11; Ubuntu; Linux x86_64; rv:43.0) Gecko/20100101 Firefox/43.0','/seedmng/a/statuses/jhiStatuses','GET','tabPageId=jerichotabiframe_6',''),('c47f645bac31419fa6ca05b23aba676c','1','内容管理-行业资讯-新闻线索爆料','1','2016-05-05 17:18:50','127.0.0.1','Mozilla/5.0 (X11; Ubuntu; Linux x86_64; rv:43.0) Gecko/20100101 Firefox/43.0','/seedmng/a/statuses/newsClue','GET','tabPageId=jerichotabiframe_2',''),('c495ac5d01594b5f9c0ce174821ad71b','1','内容管理-内容管理-内容发布','1','2016-05-03 11:00:28','127.0.0.1','Mozilla/5.0 (X11; Ubuntu; Linux x86_64; rv:43.0) Gecko/20100101 Firefox/43.0','/jeesite/a/cms/','GET','tabPageId=jerichotabiframe_1',''),('c51e40d513334a95bebf7e1435e20701','1','系统登录','1','2016-04-29 16:23:03','127.0.0.1','Mozilla/5.0 (X11; Ubuntu; Linux x86_64; rv:43.0) Gecko/20100101 Firefox/43.0','/jeesite/a','GET','',''),('c69a95a0abc2421faeaf1c1a77ab35ef','1','系统设置-系统设置-菜单管理-查看','1','2016-04-29 15:14:20','127.0.0.1','Mozilla/5.0 (X11; Ubuntu; Linux x86_64; rv:43.0) Gecko/20100101 Firefox/43.0','/jeesite/a/sys/menu/form','GET','id=2abd579b0e7f46e9a95bd86aeca74c2f',''),('c768392977514485926f048f3ccf6011','1','内容管理-行业资讯-行业内容-查看','1','2016-05-03 15:45:46','127.0.0.1','Mozilla/5.0 (X11; Ubuntu; Linux x86_64; rv:43.0) Gecko/20100101 Firefox/43.0','/seedmng/a/statuses/jhiStatuses/','GET','repage=',''),('c80e1a76d0444fdb9bf833899ea40fa8','1','系统登录','1','2016-05-03 13:13:06','127.0.0.1','Mozilla/5.0 (X11; Ubuntu; Linux x86_64; rv:43.0) Gecko/20100101 Firefox/43.0','/seedmng/a','GET','login=',''),('c84ee355a0544833bb25973dab1650d5','1','系统设置-系统设置-菜单管理','1','2016-04-29 15:07:45','127.0.0.1','Mozilla/5.0 (X11; Ubuntu; Linux x86_64; rv:43.0) Gecko/20100101 Firefox/43.0','/jeesite/a/sys/menu/','GET','',''),('c8bcaa7924864c1daf615a8d1ff435b0','1','内容管理-行业资讯-行业内容-查看','1','2016-05-03 16:01:16','127.0.0.1','Mozilla/5.0 (X11; Ubuntu; Linux x86_64; rv:43.0) Gecko/20100101 Firefox/43.0','/seedmng/a/statuses/jhiStatuses/','GET','',''),('c9b4994eae76412b8c1ca5a14d9d8d3c','1','内容管理-行业资讯-行业内容-查看','1','2016-05-03 15:59:13','127.0.0.1','Mozilla/5.0 (X11; Ubuntu; Linux x86_64; rv:43.0) Gecko/20100101 Firefox/43.0','/seedmng/a/statuses/jhiStatuses/form','GET','',''),('c9b6677948934871b4fccb7f787c1d7e','1','内容管理-行业资讯-资讯分类-查询','1','2016-05-03 15:19:51','127.0.0.1','Mozilla/5.0 (X11; Ubuntu; Linux x86_64; rv:43.0) Gecko/20100101 Firefox/43.0','/seedmng/a/statuses/jhiStatusCategory/','GET','repage=',''),('c9d0a517bf7d47d29b8a9a2aec50f8b8','1','代码生成-代码生成-生成方案配置','1','2016-04-29 15:45:49','127.0.0.1','Mozilla/5.0 (X11; Ubuntu; Linux x86_64; rv:43.0) Gecko/20100101 Firefox/43.0','/jeesite/a/gen/genScheme','GET','tabPageId=jerichotabiframe_10',''),('cc72b1c3fdf94df5a4b7b506fed65a3d','1','内容管理-行业资讯-行业内容-查看','1','2016-05-03 11:00:55','127.0.0.1','Mozilla/5.0 (X11; Ubuntu; Linux x86_64; rv:43.0) Gecko/20100101 Firefox/43.0','/jeesite/a/statuses/jhiStatuses/form','GET','',''),('cc8f4c24f7454730bd7428c5f9bc96d4','1','内容管理-行业资讯-行业内容','1','2016-05-05 17:40:37','127.0.0.1','Mozilla/5.0 (X11; Ubuntu; Linux x86_64; rv:43.0) Gecko/20100101 Firefox/43.0','/seedmng/a/statuses/jhiStatuses','GET','tabPageId=jerichotabiframe_4',''),('cccb65b96d2246919c67007a1f890d50','1','内容管理-行业资讯-行业内容','1','2016-04-29 21:18:54','127.0.0.1','Mozilla/5.0 (X11; Ubuntu; Linux x86_64; rv:43.0) Gecko/20100101 Firefox/43.0','/jeesite/a/statuses/jhiStatuses','GET','tabPageId=jerichotabiframe_31',''),('cd283a55f2d1420f9b91cde441883c20','1','内容管理-行业资讯-资讯分类-查询','1','2016-04-29 19:56:02','127.0.0.1','Mozilla/5.0 (X11; Ubuntu; Linux x86_64; rv:43.0) Gecko/20100101 Firefox/43.0','/jeesite/a/statuses/jhiStatusCategory/form','GET','',''),('cd2f14fe2fd34d19bc463b7382879884','1','系统登录','1','2016-05-03 11:52:20','127.0.0.1','Mozilla/5.0 (X11; Ubuntu; Linux x86_64; rv:43.0) Gecko/20100101 Firefox/43.0','/jeesite/a;JSESSIONID=75f8e4fe1a05456db9998f18a4c13fb3','GET','',''),('ce10c2ab2e4447c8b792ecaf96aa1709','1','内容管理-内容管理','1','2016-04-29 18:00:56','127.0.0.1','Mozilla/5.0 (X11; Ubuntu; Linux x86_64; rv:43.0) Gecko/20100101 Firefox/43.0','/jeesite/a/cms/none','GET','',''),('cea2a82121dd4601aeef852fcc89a81b','1','内容管理-行业资讯-行业内容','942475a82d4c4d059191e32b5e17c207','2016-05-03 17:04:59','127.0.0.1','Mozilla/5.0 (X11; Ubuntu; Linux x86_64; rv:43.0) Gecko/20100101 Firefox/43.0','/seedmng/a/statuses/jhiStatuses','GET','tabPageId=jerichotabiframe_2',''),('cffb94729af8497385b0cfe1f479be79','1','内容管理-行业资讯-行业内容-查看','1','2016-05-03 11:20:31','127.0.0.1','Mozilla/5.0 (X11; Ubuntu; Linux x86_64; rv:43.0) Gecko/20100101 Firefox/43.0','/jeesite/a/statuses/jhiStatuses/','POST','pageNo=1&category.name=发达是否&pageSize=30&isHead=&source=&category.id=1',''),('d01d5acb369741af8998fe72e7bedaa8','1','内容管理-行业资讯-行业内容-查看','1','2016-05-03 11:00:11','127.0.0.1','Mozilla/5.0 (X11; Ubuntu; Linux x86_64; rv:43.0) Gecko/20100101 Firefox/43.0','/jeesite/a/statuses/jhiStatuses/form','GET','',''),('d04186a219804412848d61f0bd431724','1','内容管理-栏目设置-栏目管理','1','2016-04-29 15:37:37','127.0.0.1','Mozilla/5.0 (X11; Ubuntu; Linux x86_64; rv:43.0) Gecko/20100101 Firefox/43.0','/jeesite/a/cms/category/','GET','tabPageId=jerichotabiframe_6',''),('d0dbb9983aac45488c3e59eff66005bc','1','系统设置-机构用户-用户管理-查看','1','2016-05-03 16:13:55','127.0.0.1','Mozilla/5.0 (X11; Ubuntu; Linux x86_64; rv:43.0) Gecko/20100101 Firefox/43.0','/seedmng/a/sys/user/list','GET','',''),('d0e33373077c48ef95f99bf374e4441b','1','系统设置-系统设置-菜单管理','1','2016-05-05 15:55:22','127.0.0.1','Mozilla/5.0 (X11; Ubuntu; Linux x86_64; rv:43.0) Gecko/20100101 Firefox/43.0','/seedmng/a/sys/menu/','GET','tabPageId=jerichotabiframe_13',''),('d12683588cf04201b590182983e89045','1','内容管理-内容管理-内容发布-文章模型-查看','1','2016-05-05 10:27:55','127.0.0.1','Mozilla/5.0 (X11; Ubuntu; Linux x86_64; rv:43.0) Gecko/20100101 Firefox/43.0','/seedmng/a/cms/article/form','GET','id=5aa0ff6e8860455bb631800991be0996',''),('d14d9aac01f04af6ad91c0726a7b440c','1','内容管理-行业资讯-行业内容','942475a82d4c4d059191e32b5e17c207','2016-05-03 17:33:39','127.0.0.1','Mozilla/5.0 (X11; Ubuntu; Linux x86_64; rv:43.0) Gecko/20100101 Firefox/43.0','/seedmng/a/statuses/jhiStatuses','GET','tabPageId=jerichotabiframe_8',''),('d282e725714c4c6a804362efb8dcec47','1','内容管理-行业资讯-行业内容-查看','1','2016-05-03 13:59:19','127.0.0.1','Mozilla/5.0 (X11; Ubuntu; Linux x86_64; rv:43.0) Gecko/20100101 Firefox/43.0','/seedmng/a/statuses/jhiStatuses/form','GET','',''),('d38ded0a11a94ad2b51ce7e6d8a72e07','1','代码生成-代码生成-业务表配置','1','2016-04-29 15:45:49','127.0.0.1','Mozilla/5.0 (X11; Ubuntu; Linux x86_64; rv:43.0) Gecko/20100101 Firefox/43.0','/jeesite/a/gen/genTable','GET','tabPageId=jerichotabiframe_9',''),('d46beaee837c4d5589d11fb1c3e1561f','1','我的面板-个人信息-个人信息','1','2016-05-05 15:49:39','127.0.0.1','Mozilla/5.0 (X11; Ubuntu; Linux x86_64; rv:43.0) Gecko/20100101 Firefox/43.0','/seedmng/a/sys/user/info','GET','tabPageId=jerichotabiframe_0',''),('d499aad61d644665b450f1977a4ae91d','1','内容管理-行业资讯-行业内容-查看','1','2016-05-03 11:52:38','127.0.0.1','Mozilla/5.0 (X11; Ubuntu; Linux x86_64; rv:43.0) Gecko/20100101 Firefox/43.0','/jeesite/a/statuses/jhiStatuses/form','GET','',''),('d4de2f958988414a8967f7d1921a91aa','1','内容管理-行业资讯-行业内容-编辑','1','2016-05-03 15:45:46','127.0.0.1','Mozilla/5.0 (X11; Ubuntu; Linux x86_64; rv:43.0) Gecko/20100101 Firefox/43.0','/seedmng/a/statuses/jhiStatuses/save','POST','summary=七七及开发急啊第十六届发卡来设定激发卡及对方附加阿达上来讲发卡来设定激发\r\n附加阿斯顿看了几法拉收...&category.name=圈子乱弹&isHead=1&source=圈子里&category.id=4&title=奇葩事情天天发生&originalPic=http://test-txhs-com.oss-cn-hangzhou.aliyuncs.com//upload/image/20160503/1462260186904086404.jpg&content=范德萨发达&tags=奇葩&attacment=&top=1&_top=on&id=1',''),('d5588fc882344906b163b3bfd25b6a75','1','我的面板-个人信息-个人信息','1','2016-04-29 15:28:44','127.0.0.1','Mozilla/5.0 (X11; Ubuntu; Linux x86_64; rv:43.0) Gecko/20100101 Firefox/43.0','/jeesite/a/sys/user/info','GET','tabPageId=jerichotabiframe_0',''),('d595d386cfac4f28ad28e8b3bc87a2f3','1','内容管理-行业资讯-行业内容-查看','942475a82d4c4d059191e32b5e17c207','2016-05-03 18:11:42','127.0.0.1','Mozilla/5.0 (X11; Ubuntu; Linux x86_64; rv:43.0) Gecko/20100101 Firefox/43.0','/seedmng/a/statuses/jhiStatuses/','GET','repage=',''),('d5b66998bb54486992aa9b8c3aeff43c','1','在线办公-通知通告-我的通告','1','2016-05-03 15:03:50','127.0.0.1','Mozilla/5.0 (X11; Ubuntu; Linux x86_64; rv:43.0) Gecko/20100101 Firefox/43.0','/seedmng/a/oa/oaNotify/self','GET','tabPageId=jerichotabiframe_3',''),('d5c6d6e22cf14914b4409b8f8da11a26','1','内容管理-行业资讯-首页条幅','1','2016-05-05 17:14:23','127.0.0.1','Mozilla/5.0 (X11; Ubuntu; Linux x86_64; rv:43.0) Gecko/20100101 Firefox/43.0','/seedmng/a/statuses/banner','GET','tabPageId=jerichotabiframe_3',''),('d5e2e760925e416b97247e332e218f71','1','系统登录','1','2016-04-29 18:06:54','127.0.0.1','Mozilla/5.0 (X11; Ubuntu; Linux x86_64; rv:43.0) Gecko/20100101 Firefox/43.0','/jeesite/a/statuses/jhiStatuses','GET','tabPageId=jerichotabiframe_7',''),('d756fe0586b64107aa1e332c4625a33a','1','内容管理-内容管理','1','2016-04-29 15:29:08','127.0.0.1','Mozilla/5.0 (X11; Ubuntu; Linux x86_64; rv:43.0) Gecko/20100101 Firefox/43.0','/jeesite/a/cms/none','GET','',''),('d7bcfd5afb9c4b8eabd676c460440291','1','内容管理-内容管理-内容发布','1','2016-05-05 10:27:22','127.0.0.1','Mozilla/5.0 (X11; Ubuntu; Linux x86_64; rv:43.0) Gecko/20100101 Firefox/43.0','/seedmng/a/cms/','GET','tabPageId=jerichotabiframe_1',''),('d822550e804e4325b72c983763737cda','1','系统登录','942475a82d4c4d059191e32b5e17c207','2016-05-03 16:36:37','127.0.0.1','Mozilla/5.0 (X11; Ubuntu; Linux x86_64; rv:43.0) Gecko/20100101 Firefox/43.0','/seedmng/a','GET','login=',''),('d89a78755b324ee8b112bdd2564eb0ef','1','内容管理-行业资讯-行业内容-编辑','942475a82d4c4d059191e32b5e17c207','2016-05-03 19:24:46','127.0.0.1','Mozilla/5.0 (X11; Ubuntu; Linux x86_64; rv:43.0) Gecko/20100101 Firefox/43.0','/seedmng/a/statuses/jhiStatuses/save','POST','summary=发达是&category.name=圈子乱弹&isHead=1&source= 发达沙发上大&category.id=4&title=发达是否&originalPic=/upload/image/20160503/1462274656027090402.jpg&content=发射的分&tags=发达时发生的&attacment=&top=0&_top=on&id=',''),('d8abf628128a4f9bb6aee326b5f68bf2','1','在线办公-通知通告-我的通告','1','2016-04-29 15:01:31','127.0.0.1','Mozilla/5.0 (X11; Ubuntu; Linux x86_64; rv:43.0) Gecko/20100101 Firefox/43.0','/jeesite/a/oa/oaNotify/self','GET','tabPageId=jerichotabiframe_14',''),('d8c88323a763427c9e0b5361f4ccde04','1','内容管理-行业资讯-行业内容','942475a82d4c4d059191e32b5e17c207','2016-05-03 16:26:50','127.0.0.1','Mozilla/5.0 (X11; Ubuntu; Linux x86_64; rv:43.0) Gecko/20100101 Firefox/43.0','/seedmng/a/statuses/jhiStatuses','GET','tabPageId=jerichotabiframe_2',''),('d9f633cd9d344ed9bcffce4a1966a3c6','1','内容管理-行业资讯-资讯分类-查询','1','2016-05-03 15:22:34','127.0.0.1','Mozilla/5.0 (X11; Ubuntu; Linux x86_64; rv:43.0) Gecko/20100101 Firefox/43.0','/seedmng/a/statuses/jhiStatusCategory/','GET','repage=',''),('daa9792d6f1d468a9cd9f0de47ef325b','1','内容管理-行业资讯-行业内容-查看','942475a82d4c4d059191e32b5e17c207','2016-05-03 18:11:45','127.0.0.1','Mozilla/5.0 (X11; Ubuntu; Linux x86_64; rv:43.0) Gecko/20100101 Firefox/43.0','/seedmng/a/statuses/jhiStatuses/form','GET','id=3',''),('db8b778440bb47b48a635fc59d955093','1','系统设置-系统设置-菜单管理-修改','1','2016-04-29 15:24:28','127.0.0.1','Mozilla/5.0 (X11; Ubuntu; Linux x86_64; rv:43.0) Gecko/20100101 Firefox/43.0','/jeesite/a/sys/menu/save','POST','parent.name=行业资讯&name=行业内容&icon=&parent.id=9072e6356cdb450ca088004c5b112499&permission=&id=&href=&sort=60&remarks=&target=&isShow=1',''),('dcc6fdbb3aea4f1b943c6891d9cbfe9e','1','内容管理-行业资讯-资讯分类-查询','942475a82d4c4d059191e32b5e17c207','2016-05-03 16:26:45','127.0.0.1','Mozilla/5.0 (X11; Ubuntu; Linux x86_64; rv:43.0) Gecko/20100101 Firefox/43.0','/seedmng/a/statuses/jhiStatusCategory/form','GET','',''),('dce0d668442f4934ad02d8e1e3f6da8e','1','系统设置-系统设置-菜单管理','1','2016-04-29 15:24:28','127.0.0.1','Mozilla/5.0 (X11; Ubuntu; Linux x86_64; rv:43.0) Gecko/20100101 Firefox/43.0','/jeesite/a/sys/menu/','GET','',''),('dcef15d0a6ca48399cec6ca73c513186','1','内容管理-行业资讯-行业内容','1','2016-05-03 15:15:34','127.0.0.1','Mozilla/5.0 (X11; Ubuntu; Linux x86_64; rv:43.0) Gecko/20100101 Firefox/43.0','/seedmng/a/statuses/jhiStatuses','GET','tabPageId=jerichotabiframe_2',''),('dda302a16711499e8524f9030dfc02f1','1','系统设置-系统设置-角色管理','1','2016-05-03 16:22:28','127.0.0.1','Mozilla/5.0 (X11; Ubuntu; Linux x86_64; rv:43.0) Gecko/20100101 Firefox/43.0','/seedmng/a/sys/role/','GET','repage=',''),('ddf41920fee34464963d15cc79b2669b','1','我的面板-个人信息-个人信息','1','2016-04-29 14:33:53','127.0.0.1','Mozilla/5.0 (X11; Ubuntu; Linux x86_64; rv:43.0) Gecko/20100101 Firefox/43.0','/jeesite/a/sys/user/info','GET','tabPageId=jerichotabiframe_0',''),('dea3265f5887448bb2b9e828a01db325','1','系统登录','942475a82d4c4d059191e32b5e17c207','2016-05-03 17:04:26','127.0.0.1','Mozilla/5.0 (X11; Ubuntu; Linux x86_64; rv:43.0) Gecko/20100101 Firefox/43.0','/seedmng/a','GET','login=',''),('dff0a43b6ad34f02b5a40affcd736db2','1','系统设置-机构用户-用户管理-查看','1','2016-05-03 16:20:55','127.0.0.1','Mozilla/5.0 (X11; Ubuntu; Linux x86_64; rv:43.0) Gecko/20100101 Firefox/43.0','/seedmng/a/sys/user/form','GET','id=70262adb686d4e09a90637416213d547',''),('e05ff2cf9a4540d687d8055a873c85c1','1','代码生成-代码生成-生成方案配置','1','2016-04-29 14:43:53','127.0.0.1','Mozilla/5.0 (X11; Ubuntu; Linux x86_64; rv:43.0) Gecko/20100101 Firefox/43.0','/jeesite/a/gen/genScheme','GET','tabPageId=jerichotabiframe_3',''),('e070b1ec678a416c8a6af5607db505e6','1','系统登录','1','2016-04-29 20:25:19','127.0.0.1','Mozilla/5.0 (X11; Ubuntu; Linux x86_64; rv:43.0) Gecko/20100101 Firefox/43.0','/jeesite/a/statuses/jhiStatusCategory','GET','tabPageId=jerichotabiframe_22',''),('e099eaa4c2b24b58a1adc8ee3310a684','1','系统设置-系统设置-菜单管理','1','2016-04-29 15:02:20','127.0.0.1','Mozilla/5.0 (X11; Ubuntu; Linux x86_64; rv:43.0) Gecko/20100101 Firefox/43.0','/jeesite/a/sys/menu/','GET','',''),('e0a01268360f4d429bf9f81f4967949d','1','系统设置-系统设置-菜单管理','1','2016-04-29 15:13:46','127.0.0.1','Mozilla/5.0 (X11; Ubuntu; Linux x86_64; rv:43.0) Gecko/20100101 Firefox/43.0','/jeesite/a/sys/menu/','GET','',''),('e0b333695f584f86b344aaad2186f24d','1','内容管理-内容管理','1','2016-04-29 18:00:56','127.0.0.1','Mozilla/5.0 (X11; Ubuntu; Linux x86_64; rv:43.0) Gecko/20100101 Firefox/43.0','/jeesite/a/cms/tree','GET','',''),('e1106cd91f0d4fd89c4d064cf9679654','1','内容管理-行业资讯-资讯分类-查询','1','2016-05-03 15:19:57','127.0.0.1','Mozilla/5.0 (X11; Ubuntu; Linux x86_64; rv:43.0) Gecko/20100101 Firefox/43.0','/seedmng/a/statuses/jhiStatusCategory/form','GET','',''),('e1735cf94ebe44c3ad50cc486b14a408','1','我的面板-个人信息-个人信息','1','2016-04-29 15:27:56','127.0.0.1','Mozilla/5.0 (X11; Ubuntu; Linux x86_64; rv:43.0) Gecko/20100101 Firefox/43.0','/jeesite/a/sys/user/info','GET','tabPageId=jerichotabiframe_0',''),('e21c84bdc7e945e5b46494fc9e4f4bd3','1','系统设置-机构用户-机构管理-查看','1','2016-05-03 16:14:31','127.0.0.1','Mozilla/5.0 (X11; Ubuntu; Linux x86_64; rv:43.0) Gecko/20100101 Firefox/43.0','/seedmng/a/sys/office/list','GET','parentIds=0,1,&id=1',''),('e2ff625bcea845a7a9df60897d80c6d0','1','代码生成-代码生成-业务表配置','1','2016-04-29 16:23:19','127.0.0.1','Mozilla/5.0 (X11; Ubuntu; Linux x86_64; rv:43.0) Gecko/20100101 Firefox/43.0','/jeesite/a/gen/genTable','GET','tabPageId=jerichotabiframe_4',''),('e31d5771bf5a4558a8427fba476844b9','1','系统设置-系统设置-角色管理','1','2016-05-03 16:19:00','127.0.0.1','Mozilla/5.0 (X11; Ubuntu; Linux x86_64; rv:43.0) Gecko/20100101 Firefox/43.0','/seedmng/a/sys/role/','GET','repage=',''),('e34dee671c734d81ac24661ef56c6871','1','系统登录','1','2016-05-03 16:22:03','127.0.0.1','Mozilla/5.0 (X11; Ubuntu; Linux x86_64; rv:43.0) Gecko/20100101 Firefox/43.0','/seedmng/a','GET','login=',''),('e4ac633af34a4081bbfbec58d01d46e6','1','内容管理-内容管理','1','2016-05-03 11:52:32','127.0.0.1','Mozilla/5.0 (X11; Ubuntu; Linux x86_64; rv:43.0) Gecko/20100101 Firefox/43.0','/jeesite/a/cms/tree','GET','',''),('e513f65c53ac4e1fa034a6e57f3d46a1','1','内容管理-行业资讯-行业内容-查看','1','2016-05-03 15:06:35','127.0.0.1','Mozilla/5.0 (X11; Ubuntu; Linux x86_64; rv:43.0) Gecko/20100101 Firefox/43.0','/seedmng/a/statuses/jhiStatuses/form','GET','',''),('e52415a6f82e492eb9ccc9ffbf17fddd','1','我的面板-个人信息-个人信息','70262adb686d4e09a90637416213d547','2016-05-05 10:27:02','127.0.0.1','Mozilla/5.0 (X11; Ubuntu; Linux x86_64; rv:43.0) Gecko/20100101 Firefox/43.0','/seedmng/a/sys/user/info','GET','tabPageId=jerichotabiframe_0',''),('e52d635a5f2148099123cdf3f973f3bb','1','内容管理-内容管理-内容发布-文章模型-查看','1','2016-04-29 15:32:47','127.0.0.1','Mozilla/5.0 (X11; Ubuntu; Linux x86_64; rv:43.0) Gecko/20100101 Firefox/43.0','/jeesite/a/cms/article/findByIds','GET','ids=',''),('e572ef33b8f940b9a28207bc6dff806a','1','系统设置-机构用户-用户管理','1','2016-05-05 17:08:23','127.0.0.1','Mozilla/5.0 (X11; Ubuntu; Linux x86_64; rv:43.0) Gecko/20100101 Firefox/43.0','/seedmng/a/sys/user/index','GET','tabPageId=jerichotabiframe_1',''),('e5af1c573fdf4aaa836d931594dbf72a','1','系统设置-系统设置-菜单管理','1','2016-04-29 15:03:59','127.0.0.1','Mozilla/5.0 (X11; Ubuntu; Linux x86_64; rv:43.0) Gecko/20100101 Firefox/43.0','/jeesite/a/sys/menu/','GET','',''),('e5e0ac302ac74f0d9b6c9e19dc8260af','1','系统设置-系统设置-菜单管理-查看','1','2016-04-29 15:07:08','127.0.0.1','Mozilla/5.0 (X11; Ubuntu; Linux x86_64; rv:43.0) Gecko/20100101 Firefox/43.0','/jeesite/a/sys/menu/form','GET','parent.id=1abe6c0febab4060923b456038d3d929',''),('e5f66de2dc3f4997bb3ec1703af2c7bc','1','内容管理-行业资讯-行业内容','1','2016-04-29 15:48:58','127.0.0.1','Mozilla/5.0 (X11; Ubuntu; Linux x86_64; rv:43.0) Gecko/20100101 Firefox/43.0','/jeesite/a/statuses/jhiStatuses','GET','tabPageId=jerichotabiframe_17',''),('e6460dc485f346a48886b44ac8b1d566','1','内容管理-行业资讯-行业内容-查看','1','2016-04-29 18:14:14','127.0.0.1','Mozilla/5.0 (X11; Ubuntu; Linux x86_64; rv:43.0) Gecko/20100101 Firefox/43.0','/jeesite/a/statuses/jhiStatuses/form','GET','',''),('e7638685f92849daa78248dc655ff634','1','内容管理-行业资讯-行业内容-查看','1','2016-04-29 18:14:16','127.0.0.1','Mozilla/5.0 (X11; Ubuntu; Linux x86_64; rv:43.0) Gecko/20100101 Firefox/43.0','/jeesite/a/statuses/jhiStatuses/','GET','',''),('e779120552bc4b90b09b1a47b24a0963','1','系统设置-机构用户-用户管理','1','2016-05-05 15:50:10','127.0.0.1','Mozilla/5.0 (X11; Ubuntu; Linux x86_64; rv:43.0) Gecko/20100101 Firefox/43.0','/seedmng/a/sys/user/index','GET','tabPageId=jerichotabiframe_1',''),('e8daa7ca35ce42da84f78343d7cbab4a','1','我的面板-个人信息-个人信息','942475a82d4c4d059191e32b5e17c207','2016-05-03 16:36:39','127.0.0.1','Mozilla/5.0 (X11; Ubuntu; Linux x86_64; rv:43.0) Gecko/20100101 Firefox/43.0','/seedmng/a/sys/user/info','GET','tabPageId=jerichotabiframe_0',''),('e9789f00baf84671b65bc599bef2c223','1','内容管理-内容管理-内容发布-文章模型-查看','1','2016-05-03 15:11:51','127.0.0.1','Mozilla/5.0 (X11; Ubuntu; Linux x86_64; rv:43.0) Gecko/20100101 Firefox/43.0','/seedmng/a/cms/article/form','GET','category.id=3&category.name=网站简介&id=',''),('e9bf63cbebd8441eafd0fc14fd82792e','1','内容管理-行业资讯-行业内容-查看','1','2016-05-03 13:57:53','127.0.0.1','Mozilla/5.0 (X11; Ubuntu; Linux x86_64; rv:43.0) Gecko/20100101 Firefox/43.0','/seedmng/a/statuses/jhiStatuses/form','GET','',''),('eb25697acfda46678cc8964f03f2a304','1','系统设置-机构用户-用户管理-查看','1','2016-05-03 16:21:04','127.0.0.1','Mozilla/5.0 (X11; Ubuntu; Linux x86_64; rv:43.0) Gecko/20100101 Firefox/43.0','/seedmng/a/sys/user/list','GET','repage=',''),('eb5fa2ff4754441b8c45189bd308e86c','1','系统设置-机构用户-用户管理','1','2016-04-29 14:41:34','127.0.0.1','Mozilla/5.0 (X11; Ubuntu; Linux x86_64; rv:43.0) Gecko/20100101 Firefox/43.0','/jeesite/a/sys/user/index','GET','tabPageId=jerichotabiframe_1',''),('ec137315e85e423983fbdfe9ce6894fa','1','内容管理-行业资讯-行业内容-查看','1','2016-05-03 15:10:09','127.0.0.1','Mozilla/5.0 (X11; Ubuntu; Linux x86_64; rv:43.0) Gecko/20100101 Firefox/43.0','/seedmng/a/statuses/jhiStatuses/form','GET','',''),('ec925830303749dd803c3f6d8aa97e80','1','我的面板-个人信息-个人信息','942475a82d4c4d059191e32b5e17c207','2016-05-03 16:29:20','127.0.0.1','Mozilla/5.0 (X11; Ubuntu; Linux x86_64; rv:43.0) Gecko/20100101 Firefox/43.0','/seedmng/a/sys/user/info','GET','tabPageId=jerichotabiframe_0',''),('ecca47e2d18646579eb36fe6550a3e43','1','内容管理-行业资讯-行业内容-编辑','1','2016-05-05 10:34:25','127.0.0.1','Mozilla/5.0 (X11; Ubuntu; Linux x86_64; rv:43.0) Gecko/20100101 Firefox/43.0','/seedmng/a/statuses/jhiStatuses/save','POST','summary=七七及开发急啊第十六届发卡来设定激发卡及对方附加阿达上来讲发卡来设定激发\r\n附加阿斯顿看了几法拉收...&category.name=圈子乱弹&isHead=1&source=圈子里&category.id=4&title=奇葩事情天天发生&originalPic=/upload/image/20160503/1462270275518024555.jpg&content=fadsfdasfasdf&tags=奇葩&attacment=&top=1&_top=on&id=1',''),('ece83690e13843f78b3ce6bc5adb4c0d','1','内容管理-行业资讯-新闻线索爆料','1','2016-05-05 17:14:20','127.0.0.1','Mozilla/5.0 (X11; Ubuntu; Linux x86_64; rv:43.0) Gecko/20100101 Firefox/43.0','/seedmng/a/statuses/newsClue','GET','tabPageId=jerichotabiframe_2',''),('ed5100b45849426e9c46d326e159a33b','2','内容管理-行业资讯-行业内容','1','2016-04-29 18:01:16','127.0.0.1','Mozilla/5.0 (X11; Ubuntu; Linux x86_64; rv:43.0) Gecko/20100101 Firefox/43.0','/jeesite/a/statuses/jhiStatuses','GET','tabPageId=jerichotabiframe_3','org.apache.jasper.JasperException: org.springframework.beans.NotReadablePropertyException: Invalid property \'categoryId\' of bean class [com.thinkgem.jeesite.modules.statuses.entity.JhiStatuses]: Bean property \'categoryId\' is not readable or has an invalid getter method: Does the return type of the getter match the parameter type of the setter?\n	at org.apache.jasper.servlet.JspServletWrapper.service(JspServletWrapper.java:432)\n	at org.apache.jasper.servlet.JspServlet.serviceJspFile(JspServlet.java:476)\n	at org.apache.jasper.servlet.JspServlet.service(JspServlet.java:366)\n	at javax.servlet.http.HttpServlet.service(HttpServlet.java:820)\n	at org.eclipse.jetty.servlet.ServletHolder.handle(ServletHolder.java:652)\n	at org.eclipse.jetty.servlet.ServletHandler.doHandle(ServletHandler.java:445)\n	at org.eclipse.jetty.server.handler.ScopedHandler.handle(ScopedHandler.java:137)\n	at org.eclipse.jetty.security.SecurityHandler.handle(SecurityHandler.java:574)\n	at org.eclipse.jetty.server.session.SessionHandler.doHandle(SessionHandler.java:227)\n	at org.eclipse.jetty.server.handler.ContextHandler.doHandle(ContextHandler.java:1044)\n	at org.eclipse.jetty.servlet.ServletHandler.doScope(ServletHandler.java:372)\n	at org.eclipse.jetty.server.session.SessionHandler.doScope(SessionHandler.java:189)\n	at org.eclipse.jetty.server.handler.ContextHandler.doScope(ContextHandler.java:978)\n	at org.eclipse.jetty.server.handler.ScopedHandler.handle(ScopedHandler.java:135)\n	at org.eclipse.jetty.server.Dispatcher.forward(Dispatcher.java:293)\n	at org.eclipse.jetty.server.Dispatcher.forward(Dispatcher.java:120)\n	at org.springframework.web.servlet.view.InternalResourceView.renderMergedOutputModel(InternalResourceView.java:209)\n	at org.springframework.web.servlet.view.AbstractView.render(AbstractView.java:267)\n	at org.springframework.web.servlet.DispatcherServlet.render(DispatcherServlet.java:1221)\n	at org.springframework.web.servlet.DispatcherServlet.processDispatchResult(DispatcherServlet.java:1005)\n	at org.springframework.web.servlet.DispatcherServlet.doDispatch(DispatcherServlet.java:952)\n	at org.springframework.web.servlet.DispatcherServlet.doService(DispatcherServlet.java:870)\n	at org.springframework.web.servlet.FrameworkServlet.processRequest(FrameworkServlet.java:961)\n	at org.springframework.web.servlet.FrameworkServlet.doGet(FrameworkServlet.java:852)\n	at javax.servlet.http.HttpServlet.service(HttpServlet.java:707)\n	at org.springframework.web.servlet.FrameworkServlet.service(FrameworkServlet.java:837)\n	at javax.servlet.http.HttpServlet.service(HttpServlet.java:820)\n	at org.eclipse.jetty.servlet.ServletHolder.handle(ServletHolder.java:652)\n	at org.eclipse.jetty.servlet.ServletHandler$CachedChain.doFilter(ServletHandler.java:1317)\n	at com.opensymphony.sitemesh.webapp.SiteMeshFilter.obtainContent(SiteMeshFilter.java:129)\n	at com.opensymphony.sitemesh.webapp.SiteMeshFilter.doFilter(SiteMeshFilter.java:77)\n	at org.eclipse.jetty.servlet.ServletHandler$CachedChain.doFilter(ServletHandler.java:1288)\n	at org.apache.shiro.web.servlet.ProxiedFilterChain.doFilter(ProxiedFilterChain.java:61)\n	at org.apache.shiro.web.servlet.AdviceFilter.executeChain(AdviceFilter.java:108)\n	at org.apache.shiro.web.servlet.AdviceFilter.doFilterInternal(AdviceFilter.java:137)\n	at org.apache.shiro.web.servlet.OncePerRequestFilter.doFilter(OncePerRequestFilter.java:125)\n	at org.apache.shiro.web.servlet.ProxiedFilterChain.doFilter(ProxiedFilterChain.java:66)\n	at org.apache.shiro.web.servlet.AbstractShiroFilter.executeChain(AbstractShiroFilter.java:449)\n	at org.apache.shiro.web.servlet.AbstractShiroFilter$1.call(AbstractShiroFilter.java:365)\n	at org.apache.shiro.subject.support.SubjectCallable.doCall(SubjectCallable.java:90)\n	at org.apache.shiro.subject.support.SubjectCallable.call(SubjectCallable.java:83)\n	at org.apache.shiro.subject.support.DelegatingSubject.execute(DelegatingSubject.java:383)\n	at org.apache.shiro.web.servlet.AbstractShiroFilter.doFilterInternal(AbstractShiroFilter.java:362)\n	at org.apache.shiro.web.servlet.OncePerRequestFilter.doFilter(OncePerRequestFilter.java:125)\n	at org.springframework.web.filter.DelegatingFilterProxy.invokeDelegate(DelegatingFilterProxy.java:344)\n	at org.springframework.web.filter.DelegatingFilterProxy.doFilter(DelegatingFilterProxy.java:261)\n	at org.eclipse.jetty.servlet.ServletHandler$CachedChain.doFilter(ServletHandler.java:1288)\n	at org.springframework.web.filter.CharacterEncodingFilter.doFilterInternal(CharacterEncodingFilter.java:88)\n	at org.springframework.web.filter.OncePerRequestFilter.doFilter(OncePerRequestFilter.java:107)\n	at org.eclipse.jetty.servlet.ServletHandler$CachedChain.doFilter(ServletHandler.java:1288)\n	at org.eclipse.jetty.servlet.ServletHandler.doHandle(ServletHandler.java:443)\n	at org.eclipse.jetty.server.handler.ScopedHandler.handle(ScopedHandler.java:137)\n	at org.eclipse.jetty.security.SecurityHandler.handle(SecurityHandler.java:556)\n	at org.eclipse.jetty.server.session.SessionHandler.doHandle(SessionHandler.java:227)\n	at org.eclipse.jetty.server.handler.ContextHandler.doHandle(ContextHandler.java:1044)\n	at org.eclipse.jetty.servlet.ServletHandler.doScope(ServletHandler.java:372)\n	at org.eclipse.jetty.server.session.SessionHandler.doScope(SessionHandler.java:189)\n	at org.eclipse.jetty.server.handler.ContextHandler.doScope(ContextHandler.java:978)\n	at org.eclipse.jetty.server.handler.ScopedHandler.handle(ScopedHandler.java:135)\n	at org.eclipse.jetty.server.handler.ContextHandlerCollection.handle(ContextHandlerCollection.java:255)\n	at org.eclipse.jetty.server.handler.HandlerCollection.handle(HandlerCollection.java:154)\n	at org.eclipse.jetty.server.handler.HandlerWrapper.handle(HandlerWrapper.java:116)\n	at org.eclipse.jetty.server.Server.handle(Server.java:369)\n	at org.eclipse.jetty.server.AbstractHttpConnection.handleRequest(AbstractHttpConnection.java:486)\n	at org.eclipse.jetty.server.AbstractHttpConnection.headerComplete(AbstractHttpConnection.java:933)\n	at org.eclipse.jetty.server.AbstractHttpConnection$RequestHandler.headerComplete(AbstractHttpConnection.java:995)\n	at org.eclipse.jetty.http.HttpParser.parseNext(HttpParser.java:644)\n	at org.eclipse.jetty.http.HttpParser.parseAvailable(HttpParser.java:235)\n	at org.eclipse.jetty.server.AsyncHttpConnection.handle(AsyncHttpConnection.java:82)\n	at org.eclipse.jetty.io.nio.SelectChannelEndPoint.handle(SelectChannelEndPoint.java:667)\n	at org.eclipse.jetty.io.nio.SelectChannelEndPoint$1.run(SelectChannelEndPoint.java:52)\n	at org.eclipse.jetty.util.thread.QueuedThreadPool.runJob(QueuedThreadPool.java:608)\n	at org.eclipse.jetty.util.thread.QueuedThreadPool$3.run(QueuedThreadPool.java:543)\n	at java.lang.Thread.run(Thread.java:745)\nCaused by: org.springframework.beans.NotReadablePropertyException: Invalid property \'categoryId\' of bean class [com.thinkgem.jeesite.modules.statuses.entity.JhiStatuses]: Bean property \'categoryId\' is not readable or has an invalid getter method: Does the return type of the getter match the parameter type of the setter?\n	at org.springframework.beans.BeanWrapperImpl.getPropertyValue(BeanWrapperImpl.java:726)\n	at org.springframework.beans.BeanWrapperImpl.getPropertyValue(BeanWrapperImpl.java:717)\n	at org.springframework.validation.AbstractPropertyBindingResult.getActualFieldValue(AbstractPropertyBindingResult.java:99)\n	at org.springframework.validation.AbstractBindingResult.getFieldValue(AbstractBindingResult.java:229)\n	at org.springframework.web.servlet.support.BindStatus.<init>(BindStatus.java:120)\n	at org.springframework.web.servlet.tags.form.AbstractDataBoundFormElementTag.getBindStatus(AbstractDataBoundFormElementTag.java:168)\n	at org.springframework.web.servlet.tags.form.AbstractDataBoundFormElementTag.getPropertyPath(AbstractDataBoundFormElementTag.java:188)\n	at org.springframework.web.servlet.tags.form.AbstractDataBoundFormElementTag.getName(AbstractDataBoundFormElementTag.java:154)\n	at org.springframework.web.servlet.tags.form.AbstractDataBoundFormElementTag.autogenerateId(AbstractDataBoundFormElementTag.java:141)\n	at org.springframework.web.servlet.tags.form.AbstractDataBoundFormElementTag.resolveId(AbstractDataBoundFormElementTag.java:132)\n	at org.springframework.web.servlet.tags.form.AbstractDataBoundFormElementTag.writeDefaultAttributes(AbstractDataBoundFormElementTag.java:116)\n	at org.springframework.web.servlet.tags.form.AbstractHtmlElementTag.writeDefaultAttributes(AbstractHtmlElementTag.java:422)\n	at org.springframework.web.servlet.tags.form.SelectTag.writeTagContent(SelectTag.java:194)\n	at org.springframework.web.servlet.tags.form.AbstractFormTag.doStartTagInternal(AbstractFormTag.java:84)\n	at org.springframework.web.servlet.tags.RequestContextAwareTag.doStartTag(RequestContextAwareTag.java:80)\n	at org.apache.jsp.WEB_002dINF.views.modules.statuses.jhiStatusesList_jsp._jspService(jhiStatusesList_jsp.java:176)\n	at org.apache.jasper.runtime.HttpJspBase.service(HttpJspBase.java:109)\n	at javax.servlet.http.HttpServlet.service(HttpServlet.java:820)\n	at org.apache.jasper.servlet.JspServletWrapper.service(JspServletWrapper.java:403)\n	... 73 more\n'),('ed540026a63e48a0ba6d03da355e4d04','1','系统登录','1','2016-04-29 15:13:36','127.0.0.1','Mozilla/5.0 (X11; Ubuntu; Linux x86_64; rv:43.0) Gecko/20100101 Firefox/43.0','/jeesite/a/sys/menu/form','GET','id=1abe6c0febab4060923b456038d3d929',''),('ee33cc9686344e958fc7c6ed837dc23b','1','内容管理-行业资讯-资讯分类-修改','1','2016-04-29 19:56:19','127.0.0.1','Mozilla/5.0 (X11; Ubuntu; Linux x86_64; rv:43.0) Gecko/20100101 Firefox/43.0','/jeesite/a/statuses/jhiStatusCategory/save','POST','name=杂谈 &icon=&id=',''),('ef72ff9ff3c94d11bd3e3777ddf70627','1','系统登录','1','2016-04-29 15:28:40','127.0.0.1','Mozilla/5.0 (X11; Ubuntu; Linux x86_64; rv:43.0) Gecko/20100101 Firefox/43.0','/jeesite/a','GET','',''),('ef7686e3c72441cf93a8b149db562ecf','1','内容管理-行业资讯-行业内容','1','2016-05-03 15:01:09','127.0.0.1','Mozilla/5.0 (X11; Ubuntu; Linux x86_64; rv:43.0) Gecko/20100101 Firefox/43.0','/seedmng/a/statuses/jhiStatuses','GET','tabPageId=jerichotabiframe_3',''),('f06d6174b5c2476daaf82b64c2a70af3','1','内容管理-行业资讯-行业内容-查看','1','2016-05-03 11:00:51','127.0.0.1','Mozilla/5.0 (X11; Ubuntu; Linux x86_64; rv:43.0) Gecko/20100101 Firefox/43.0','/jeesite/a/statuses/jhiStatuses/','POST','pageNo=1&category.name=&pageSize=30&isHead=&source=&category.id=',''),('f07b2041030241fe98b570de5e00903f','1','系统设置-系统设置-菜单管理','1','2016-04-29 15:27:04','127.0.0.1','Mozilla/5.0 (X11; Ubuntu; Linux x86_64; rv:43.0) Gecko/20100101 Firefox/43.0','/jeesite/a/sys/menu/','GET','tabPageId=jerichotabiframe_3',''),('f0cc63a22db346de8271794425013394','1','内容管理-行业资讯-行业内容-查看','1','2016-05-03 15:04:18','127.0.0.1','Mozilla/5.0 (X11; Ubuntu; Linux x86_64; rv:43.0) Gecko/20100101 Firefox/43.0','/seedmng/a/statuses/jhiStatuses/form','GET','',''),('f0fc251c422041c6816d008ba2444b8e','1','内容管理-内容管理','1','2016-04-29 16:20:51','127.0.0.1','Mozilla/5.0 (X11; Ubuntu; Linux x86_64; rv:43.0) Gecko/20100101 Firefox/43.0','/jeesite/a/cms/tree','GET','',''),('f15f2e027aac49dfb2443c311f54acad','1','内容管理-行业资讯-资讯分类','1','2016-05-03 10:57:44','127.0.0.1','Mozilla/5.0 (X11; Ubuntu; Linux x86_64; rv:43.0) Gecko/20100101 Firefox/43.0','/jeesite/a/statuses/jhiStatusCategory','GET','tabPageId=jerichotabiframe_2',''),('f1ff8c7a52814894814fd717684a30e8','1','内容管理-内容管理','1','2016-05-03 15:01:06','127.0.0.1','Mozilla/5.0 (X11; Ubuntu; Linux x86_64; rv:43.0) Gecko/20100101 Firefox/43.0','/seedmng/a/cms/tree','GET','',''),('f2997ab0728749748ceeb7c196ef4e22','1','系统设置-系统设置-菜单管理-修改','1','2016-04-29 15:27:42','127.0.0.1','Mozilla/5.0 (X11; Ubuntu; Linux x86_64; rv:43.0) Gecko/20100101 Firefox/43.0','/jeesite/a/sys/menu/save','POST','parent.name=内容管理&name=行业资讯&icon=&parent.id=31&permission=&id=9072e6356cdb450ca088004c5b112499&href=&sort=5030&remarks=&target=&isShow=1',''),('f2ec7d04e69d4efd810a58b59de87116','1','我的面板-个人信息-个人信息','1','2016-05-03 15:07:26','127.0.0.1','Mozilla/5.0 (X11; Ubuntu; Linux x86_64; rv:43.0) Gecko/20100101 Firefox/43.0','/seedmng/a/sys/user/info','GET','tabPageId=jerichotabiframe_7',''),('f2ed5d2ed7f44416a0193175f7f5b8e9','1','系统设置-系统设置-菜单管理','1','2016-05-05 17:13:22','127.0.0.1','Mozilla/5.0 (X11; Ubuntu; Linux x86_64; rv:43.0) Gecko/20100101 Firefox/43.0','/seedmng/a/sys/menu/','GET','',''),('f2f1bc0b5e384513902fc7b41c6abc2e','1','内容管理-内容管理-内容发布','1','2016-05-03 11:52:32','127.0.0.1','Mozilla/5.0 (X11; Ubuntu; Linux x86_64; rv:43.0) Gecko/20100101 Firefox/43.0','/jeesite/a/cms/','GET','tabPageId=jerichotabiframe_1',''),('f54ecaeba72a4e9ebec4cb79f5732625','1','内容管理-行业资讯-资讯分类-查询','1','2016-04-29 21:00:29','127.0.0.1','Mozilla/5.0 (X11; Ubuntu; Linux x86_64; rv:43.0) Gecko/20100101 Firefox/43.0','/jeesite/a/statuses/jhiStatusCategory/form','GET','',''),('f5530b87433f4af6b214341276692df7','1','内容管理-行业资讯-行业内容-查看','1','2016-05-05 10:34:26','127.0.0.1','Mozilla/5.0 (X11; Ubuntu; Linux x86_64; rv:43.0) Gecko/20100101 Firefox/43.0','/seedmng/a/statuses/jhiStatuses/','GET','repage=',''),('f5a5aa1b0f4048c7869871a261d50733','1','系统登录','942475a82d4c4d059191e32b5e17c207','2016-05-03 16:26:37','127.0.0.1','Mozilla/5.0 (X11; Ubuntu; Linux x86_64; rv:43.0) Gecko/20100101 Firefox/43.0','/seedmng/a','GET','login=',''),('f5a75a5b9cbc4ed38c659a016a046e09','1','内容管理-行业资讯-行业内容','942475a82d4c4d059191e32b5e17c207','2016-05-03 17:44:54','127.0.0.1','Mozilla/5.0 (X11; Ubuntu; Linux x86_64; rv:43.0) Gecko/20100101 Firefox/43.0','/seedmng/a/statuses/jhiStatuses','GET','tabPageId=jerichotabiframe_2',''),('f695d066feeb4258893a8e7c8421f7ce','1','在线办公-通知通告-我的通告','1','2016-05-05 15:54:59','127.0.0.1','Mozilla/5.0 (X11; Ubuntu; Linux x86_64; rv:43.0) Gecko/20100101 Firefox/43.0','/seedmng/a/oa/oaNotify/self','GET','tabPageId=jerichotabiframe_6',''),('f7a9a5021f85499f8a16478bf9d0fa35','1','内容管理-行业资讯-行业内容-编辑','942475a82d4c4d059191e32b5e17c207','2016-05-03 18:11:28','127.0.0.1','Mozilla/5.0 (X11; Ubuntu; Linux x86_64; rv:43.0) Gecko/20100101 Firefox/43.0','/seedmng/a/statuses/jhiStatuses/save','POST','summary=七七及开发急啊第十六届发卡来设定激发卡及对方附加阿达上来讲发卡来设定激发\r\n附加阿斯顿看了几法拉收...&category.name=圈子乱弹&isHead=1&source=圈子里&category.id=4&title=奇葩事情天天发生&originalPic=/upload/image/20160503/1462270275518024555.jpg&content=范德萨发达&tags=奇葩&attacment=&top=1&_top=on&id=1',''),('f7cbcafc32c74deeb0c14a1e87581877','1','系统设置-系统设置-菜单管理-查看','1','2016-05-05 17:13:38','127.0.0.1','Mozilla/5.0 (X11; Ubuntu; Linux x86_64; rv:43.0) Gecko/20100101 Firefox/43.0','/seedmng/a/sys/menu/form','GET','parent.id=1d8e6cab6ef641418581234bdb2b460c',''),('f7eb67601dfc4a0499d707624d1c8602','1','内容管理-行业资讯-资讯分类','70262adb686d4e09a90637416213d547','2016-05-05 10:27:05','127.0.0.1','Mozilla/5.0 (X11; Ubuntu; Linux x86_64; rv:43.0) Gecko/20100101 Firefox/43.0','/seedmng/a/statuses/jhiStatusCategory','GET','tabPageId=jerichotabiframe_1',''),('f8720cf58eac48919e5725a6714c14c0','1','系统登录','1','2016-04-29 19:56:00','127.0.0.1','Mozilla/5.0 (X11; Ubuntu; Linux x86_64; rv:43.0) Gecko/20100101 Firefox/43.0','/jeesite/a/statuses/jhiStatusCategory/','POST','name=&pageSize=30&pageNo=1',''),('f97ffab137d94234863ca6e439152cbe','1','内容管理-行业资讯-行业内容-查看','1','2016-04-29 18:21:59','127.0.0.1','Mozilla/5.0 (X11; Ubuntu; Linux x86_64; rv:43.0) Gecko/20100101 Firefox/43.0','/jeesite/a/statuses/jhiStatuses/form','GET','',''),('fa204bbbd1d743d7a76091c58dcf3bd4','1','我的面板-个人信息-个人信息','942475a82d4c4d059191e32b5e17c207','2016-05-03 17:04:36','127.0.0.1','Mozilla/5.0 (X11; Ubuntu; Linux x86_64; rv:43.0) Gecko/20100101 Firefox/43.0','/seedmng/a/sys/user/info','GET','tabPageId=jerichotabiframe_0',''),('fa21a67922c44f448654adf242422e86','1','内容管理-行业资讯-行业内容-编辑','1','2016-05-03 15:30:51','127.0.0.1','Mozilla/5.0 (X11; Ubuntu; Linux x86_64; rv:43.0) Gecko/20100101 Firefox/43.0','/seedmng/a/statuses/jhiStatuses/save','POST','summary=七七及开发急啊第十六届发卡来设定激发卡及对方附加阿达上来讲发卡来设定激发\r\n附加阿斯顿看了几法拉收...&category.name=圈子乱弹&isHead=1&source=圈子里&category.id=4&title=奇葩事情天天发生&originalPic=http://test-txhs-com.oss-cn-hangzhou.aliyuncs.com//upload/image/20160503/1462260186904086404.jpg&tags=奇葩&attacment=&top=1&_top=on&id=&text=&lt;p&gt;&amp;lt;p&amp;gt;&amp;lt;img alt=&amp;quot;3b87e950352ac65cb48ae4d2fef2b21192138a80.jpg&...',''),('fafd0388d91c43bea6764d11853a99e8','1','系统登录','1','2016-05-03 14:35:50','127.0.0.1','Mozilla/5.0 (X11; Ubuntu; Linux x86_64; rv:43.0) Gecko/20100101 Firefox/43.0','/seedmng/a','GET','login=',''),('fb1bac086a6b4b298097a3e51b8cde0d','1','内容管理-行业资讯-行业内容-查看','1','2016-04-29 18:20:55','127.0.0.1','Mozilla/5.0 (X11; Ubuntu; Linux x86_64; rv:43.0) Gecko/20100101 Firefox/43.0','/jeesite/a/statuses/jhiStatuses/','GET','',''),('fb913c58b1114db586c60f58bc419caf','1','系统登录','1','2016-04-29 16:20:44','127.0.0.1','Mozilla/5.0 (X11; Ubuntu; Linux x86_64; rv:43.0) Gecko/20100101 Firefox/43.0','/jeesite/a','GET','',''),('fbac772f94a24694845c918078deafd2','1','系统设置-机构用户-用户管理-查看','1','2016-05-03 16:26:25','127.0.0.1','Mozilla/5.0 (X11; Ubuntu; Linux x86_64; rv:43.0) Gecko/20100101 Firefox/43.0','/seedmng/a/sys/user/list','GET','office.id=1&office.name=总公司',''),('fbcc6aef55c945ed824490cc5b344a73','1','内容管理-行业资讯-行业内容-查看','942475a82d4c4d059191e32b5e17c207','2016-05-03 17:05:03','127.0.0.1','Mozilla/5.0 (X11; Ubuntu; Linux x86_64; rv:43.0) Gecko/20100101 Firefox/43.0','/seedmng/a/statuses/jhiStatuses/form','GET','',''),('fcc094c0418e455dab32461768e299ba','1','系统设置-系统设置-菜单管理-修改','1','2016-05-05 17:10:53','127.0.0.1','Mozilla/5.0 (X11; Ubuntu; Linux x86_64; rv:43.0) Gecko/20100101 Firefox/43.0','/seedmng/a/sys/menu/save','POST','parent.name=行业资讯&name=新闻线索爆料&icon=&parent.id=9072e6356cdb450ca088004c5b112499&permission=&id=&href=/statuses/newsClue&sort=90&remarks=&target=&isShow=1',''),('fd06cff22da14585be6fb83ffd8b48ff','1','系统设置-系统设置-菜单管理-查看','1','2016-04-29 15:14:35','127.0.0.1','Mozilla/5.0 (X11; Ubuntu; Linux x86_64; rv:43.0) Gecko/20100101 Firefox/43.0','/jeesite/a/sys/menu/form','GET','parent.id=9072e6356cdb450ca088004c5b112499',''),('fdc15a31e2c544898b5d4f7ff96b0679','1','系统设置-系统设置-菜单管理','1','2016-05-05 17:12:18','127.0.0.1','Mozilla/5.0 (X11; Ubuntu; Linux x86_64; rv:43.0) Gecko/20100101 Firefox/43.0','/seedmng/a/sys/menu/','GET','','');
/*!40000 ALTER TABLE `sys_log` ENABLE KEYS */;
UNLOCK TABLES;

--
-- Table structure for table `sys_mdict`
--

DROP TABLE IF EXISTS `sys_mdict`;
/*!40101 SET @saved_cs_client     = @@character_set_client */;
/*!40101 SET character_set_client = utf8 */;
CREATE TABLE `sys_mdict` (
  `id` varchar(64) NOT NULL COMMENT '编号',
  `parent_id` varchar(64) NOT NULL COMMENT '父级编号',
  `parent_ids` varchar(2000) NOT NULL COMMENT '所有父级编号',
  `name` varchar(100) NOT NULL COMMENT '名称',
  `sort` decimal(10,0) NOT NULL COMMENT '排序',
  `description` varchar(100) DEFAULT NULL COMMENT '描述',
  `create_by` varchar(64) NOT NULL COMMENT '创建者',
  `create_date` datetime NOT NULL COMMENT '创建时间',
  `update_by` varchar(64) NOT NULL COMMENT '更新者',
  `update_date` datetime NOT NULL COMMENT '更新时间',
  `remarks` varchar(255) DEFAULT NULL COMMENT '备注信息',
  `del_flag` char(1) NOT NULL DEFAULT '0' COMMENT '删除标记',
  PRIMARY KEY (`id`),
  KEY `sys_mdict_parent_id` (`parent_id`),
  KEY `sys_mdict_del_flag` (`del_flag`)
) ENGINE=InnoDB DEFAULT CHARSET=utf8 COMMENT='多级字典表';
/*!40101 SET character_set_client = @saved_cs_client */;

--
-- Dumping data for table `sys_mdict`
--

LOCK TABLES `sys_mdict` WRITE;
/*!40000 ALTER TABLE `sys_mdict` DISABLE KEYS */;
/*!40000 ALTER TABLE `sys_mdict` ENABLE KEYS */;
UNLOCK TABLES;

--
-- Table structure for table `sys_menu`
--

DROP TABLE IF EXISTS `sys_menu`;
/*!40101 SET @saved_cs_client     = @@character_set_client */;
/*!40101 SET character_set_client = utf8 */;
CREATE TABLE `sys_menu` (
  `id` varchar(64) NOT NULL COMMENT '编号',
  `parent_id` varchar(64) NOT NULL COMMENT '父级编号',
  `parent_ids` varchar(2000) NOT NULL COMMENT '所有父级编号',
  `name` varchar(100) NOT NULL COMMENT '名称',
  `sort` decimal(10,0) NOT NULL COMMENT '排序',
  `href` varchar(2000) DEFAULT NULL COMMENT '链接',
  `target` varchar(20) DEFAULT NULL COMMENT '目标',
  `icon` varchar(100) DEFAULT NULL COMMENT '图标',
  `is_show` char(1) NOT NULL COMMENT '是否在菜单中显示',
  `permission` varchar(200) DEFAULT NULL COMMENT '权限标识',
  `create_by` varchar(64) NOT NULL COMMENT '创建者',
  `create_date` datetime NOT NULL COMMENT '创建时间',
  `update_by` varchar(64) NOT NULL COMMENT '更新者',
  `update_date` datetime NOT NULL COMMENT '更新时间',
  `remarks` varchar(255) DEFAULT NULL COMMENT '备注信息',
  `del_flag` char(1) NOT NULL DEFAULT '0' COMMENT '删除标记',
  PRIMARY KEY (`id`),
  KEY `sys_menu_parent_id` (`parent_id`),
  KEY `sys_menu_del_flag` (`del_flag`)
) ENGINE=InnoDB DEFAULT CHARSET=utf8 COMMENT='菜单表';
/*!40101 SET character_set_client = @saved_cs_client */;

--
-- Dumping data for table `sys_menu`
--

LOCK TABLES `sys_menu` WRITE;
/*!40000 ALTER TABLE `sys_menu` DISABLE KEYS */;
INSERT INTO `sys_menu` VALUES ('04cf231864fa40f3ab58600796b13c3c','8a5946ec80f44b4f8236d2c4e6b66610','0,1,31,9072e6356cdb450ca088004c5b112499,8a5946ec80f44b4f8236d2c4e6b66610,','查看',30,'','','','0','statuses:jhiStatuses:view','1','2016-04-29 15:25:28','1','2016-04-29 15:25:28','','0'),('0b2ebd4d639e4c2b83c2dd0764522f24','ba8092291b40482db8fe7fc006ea3d76','0,1,79,3c92c17886944d0687e73e286cada573,ba8092291b40482db8fe7fc006ea3d76,','编辑',60,'','','','0','test:testData:edit','1','2013-08-12 13:10:05','1','2013-08-12 13:10:05','','0'),('0ca004d6b1bf4bcab9670a5060d82a55','3c92c17886944d0687e73e286cada573','0,1,79,3c92c17886944d0687e73e286cada573,','树结构',90,'/test/testTree','','','1','','1','2013-08-12 13:10:05','1','2013-08-12 13:10:05','','0'),('1','0','0,','功能菜单',0,NULL,NULL,NULL,'1',NULL,'1','2013-05-27 08:00:00','1','2013-05-27 08:00:00',NULL,'0'),('10','3','0,1,2,3,','字典管理',60,'/sys/dict/',NULL,'th-list','1',NULL,'1','2013-05-27 08:00:00','1','2013-05-27 08:00:00',NULL,'0'),('11','10','0,1,2,3,10,','查看',30,NULL,NULL,NULL,'0','sys:dict:view','1','2013-05-27 08:00:00','1','2013-05-27 08:00:00',NULL,'0'),('12','10','0,1,2,3,10,','修改',40,NULL,NULL,NULL,'0','sys:dict:edit','1','2013-05-27 08:00:00','1','2013-05-27 08:00:00',NULL,'0'),('13','2','0,1,2,','机构用户',970,NULL,NULL,NULL,'1',NULL,'1','2013-05-27 08:00:00','1','2013-05-27 08:00:00',NULL,'0'),('14','13','0,1,2,13,','区域管理',50,'/sys/area/',NULL,'th','1',NULL,'1','2013-05-27 08:00:00','1','2013-05-27 08:00:00',NULL,'0'),('15','14','0,1,2,13,14,','查看',30,NULL,NULL,NULL,'0','sys:area:view','1','2013-05-27 08:00:00','1','2013-05-27 08:00:00',NULL,'0'),('16','14','0,1,2,13,14,','修改',40,NULL,NULL,NULL,'0','sys:area:edit','1','2013-05-27 08:00:00','1','2013-05-27 08:00:00',NULL,'0'),('17','13','0,1,2,13,','机构管理',40,'/sys/office/',NULL,'th-large','1',NULL,'1','2013-05-27 08:00:00','1','2013-05-27 08:00:00',NULL,'0'),('18','17','0,1,2,13,17,','查看',30,NULL,NULL,NULL,'0','sys:office:view','1','2013-05-27 08:00:00','1','2013-05-27 08:00:00',NULL,'0'),('19','17','0,1,2,13,17,','修改',40,NULL,NULL,NULL,'0','sys:office:edit','1','2013-05-27 08:00:00','1','2013-05-27 08:00:00',NULL,'0'),('1abe6c0febab4060923b456038d3d929','9072e6356cdb450ca088004c5b112499','0,1,31,9072e6356cdb450ca088004c5b112499,','资讯分类',30,'/statuses/jhiStatusCategory','','','1','','1','2016-04-29 15:05:33','1','2016-04-29 15:13:46','','0'),('1d8e6cab6ef641418581234bdb2b460c','9072e6356cdb450ca088004c5b112499','0,1,31,9072e6356cdb450ca088004c5b112499,','首页条幅',5060,'/statuses/banner','','','1','','1','2016-05-05 17:09:45','1','2016-05-05 17:13:22','','0'),('2','1','0,1,','系统设置',900,NULL,NULL,NULL,'1',NULL,'1','2013-05-27 08:00:00','1','2013-05-27 08:00:00',NULL,'0'),('20','13','0,1,2,13,','用户管理',30,'/sys/user/index',NULL,'user','1',NULL,'1','2013-05-27 08:00:00','1','2013-05-27 08:00:00',NULL,'0'),('21','20','0,1,2,13,20,','查看',30,NULL,NULL,NULL,'0','sys:user:view','1','2013-05-27 08:00:00','1','2013-05-27 08:00:00',NULL,'0'),('22','20','0,1,2,13,20,','修改',40,NULL,NULL,NULL,'0','sys:user:edit','1','2013-05-27 08:00:00','1','2013-05-27 08:00:00',NULL,'0'),('23','2','0,1,2,','关于帮助',990,NULL,NULL,NULL,'0',NULL,'1','2013-05-27 08:00:00','1','2013-05-27 08:00:00',NULL,'0'),('24','23','0,1,2,23','官方首页',30,'http://jeesite.com','_blank',NULL,'0',NULL,'1','2013-05-27 08:00:00','1','2013-05-27 08:00:00',NULL,'0'),('25','23','0,1,2,23','项目支持',50,'http://jeesite.com/donation.html','_blank',NULL,'0',NULL,'1','2013-05-27 08:00:00','1','2013-05-27 08:00:00',NULL,'1'),('26','23','0,1,2,23','论坛交流',80,'http://bbs.jeesite.com','_blank',NULL,'0',NULL,'1','2013-05-27 08:00:00','1','2013-05-27 08:00:00',NULL,'1'),('27','1','0,1,','我的面板',100,NULL,NULL,NULL,'1',NULL,'1','2013-05-27 08:00:00','1','2013-05-27 08:00:00',NULL,'0'),('28','27','0,1,27,','个人信息',30,NULL,NULL,NULL,'1',NULL,'1','2013-05-27 08:00:00','1','2013-05-27 08:00:00',NULL,'0'),('29','28','0,1,27,28,','个人信息',30,'/sys/user/info',NULL,'user','1',NULL,'1','2013-05-27 08:00:00','1','2013-05-27 08:00:00',NULL,'0'),('2abd579b0e7f46e9a95bd86aeca74c2f','1abe6c0febab4060923b456038d3d929','0,1,31,9072e6356cdb450ca088004c5b112499,1abe6c0febab4060923b456038d3d929,','查询',60,'','','','0','statuses:jhiStatusCategory:view','1','2016-04-29 15:08:20','1','2016-04-29 15:14:25','','0'),('3','2','0,1,2,','系统设置',980,NULL,NULL,NULL,'1',NULL,'1','2013-05-27 08:00:00','1','2013-05-27 08:00:00',NULL,'0'),('30','28','0,1,27,28,','修改密码',40,'/sys/user/modifyPwd',NULL,'lock','1',NULL,'1','2013-05-27 08:00:00','1','2013-05-27 08:00:00',NULL,'0'),('31','1','0,1,','内容管理',500,NULL,NULL,NULL,'1',NULL,'1','2013-05-27 08:00:00','1','2013-05-27 08:00:00',NULL,'0'),('32','31','0,1,31,','栏目设置',990,NULL,NULL,NULL,'1',NULL,'1','2013-05-27 08:00:00','1','2013-05-27 08:00:00',NULL,'0'),('33','32','0,1,31,32','栏目管理',30,'/cms/category/',NULL,'align-justify','1',NULL,'1','2013-05-27 08:00:00','1','2013-05-27 08:00:00',NULL,'0'),('34','33','0,1,31,32,33,','查看',30,NULL,NULL,NULL,'0','cms:category:view','1','2013-05-27 08:00:00','1','2013-05-27 08:00:00',NULL,'0'),('35','33','0,1,31,32,33,','修改',40,NULL,NULL,NULL,'0','cms:category:edit','1','2013-05-27 08:00:00','1','2013-05-27 08:00:00',NULL,'0'),('36','32','0,1,31,32','站点设置',40,'/cms/site/',NULL,'certificate','1',NULL,'1','2013-05-27 08:00:00','1','2013-05-27 08:00:00',NULL,'0'),('37','36','0,1,31,32,36,','查看',30,NULL,NULL,NULL,'0','cms:site:view','1','2013-05-27 08:00:00','1','2013-05-27 08:00:00',NULL,'0'),('38','36','0,1,31,32,36,','修改',40,NULL,NULL,NULL,'0','cms:site:edit','1','2013-05-27 08:00:00','1','2013-05-27 08:00:00',NULL,'0'),('39','32','0,1,31,32','切换站点',50,'/cms/site/select',NULL,'retweet','1','cms:site:select','1','2013-05-27 08:00:00','1','2013-05-27 08:00:00',NULL,'0'),('3c92c17886944d0687e73e286cada573','79','0,1,79,','生成示例',120,'','','','1','','1','2013-08-12 13:10:05','1','2013-08-12 13:10:05','','0'),('4','3','0,1,2,3,','菜单管理',30,'/sys/menu/',NULL,'list-alt','1',NULL,'1','2013-05-27 08:00:00','1','2013-05-27 08:00:00',NULL,'0'),('40','31','0,1,31,','内容管理',500,NULL,NULL,NULL,'1','cms:view','1','2013-05-27 08:00:00','1','2013-05-27 08:00:00',NULL,'0'),('41','40','0,1,31,40,','内容发布',30,'/cms/',NULL,'briefcase','1',NULL,'1','2013-05-27 08:00:00','1','2013-05-27 08:00:00',NULL,'0'),('42','41','0,1,31,40,41,','文章模型',40,'/cms/article/',NULL,'file','0',NULL,'1','2013-05-27 08:00:00','1','2013-05-27 08:00:00',NULL,'0'),('43','42','0,1,31,40,41,42,','查看',30,NULL,NULL,NULL,'0','cms:article:view','1','2013-05-27 08:00:00','1','2013-05-27 08:00:00',NULL,'0'),('44','42','0,1,31,40,41,42,','修改',40,NULL,NULL,NULL,'0','cms:article:edit','1','2013-05-27 08:00:00','1','2013-05-27 08:00:00',NULL,'0'),('442eca52d9f94fc3be5ad90ac0120be9','1abe6c0febab4060923b456038d3d929','0,1,31,9072e6356cdb450ca088004c5b112499,1abe6c0febab4060923b456038d3d929,','修改',30,'','','','0','statuses:jhiStatusCategory:edit','1','2016-04-29 15:07:45','1','2016-04-29 15:14:15','','0'),('45','42','0,1,31,40,41,42,','审核',50,NULL,NULL,NULL,'0','cms:article:audit','1','2013-05-27 08:00:00','1','2013-05-27 08:00:00',NULL,'0'),('46','41','0,1,31,40,41,','链接模型',60,'/cms/link/',NULL,'random','0',NULL,'1','2013-05-27 08:00:00','1','2013-05-27 08:00:00',NULL,'0'),('47','46','0,1,31,40,41,46,','查看',30,NULL,NULL,NULL,'0','cms:link:view','1','2013-05-27 08:00:00','1','2013-05-27 08:00:00',NULL,'0'),('48','46','0,1,31,40,41,46,','修改',40,NULL,NULL,NULL,'0','cms:link:edit','1','2013-05-27 08:00:00','1','2013-05-27 08:00:00',NULL,'0'),('4855cf3b25c244fb8500a380db189d97','b1f6d1b86ba24365bae7fd86c5082317','0,1,79,3c92c17886944d0687e73e286cada573,b1f6d1b86ba24365bae7fd86c5082317,','查看',30,'','','','0','test:testDataMain:view','1','2013-08-12 13:10:05','1','2013-08-12 13:10:05','','0'),('49','46','0,1,31,40,41,46,','审核',50,NULL,NULL,NULL,'0','cms:link:audit','1','2013-05-27 08:00:00','1','2013-05-27 08:00:00',NULL,'0'),('5','4','0,1,2,3,4,','查看',30,NULL,NULL,NULL,'0','sys:menu:view','1','2013-05-27 08:00:00','1','2013-05-27 08:00:00',NULL,'0'),('50','40','0,1,31,40,','评论管理',40,'/cms/comment/?status=2',NULL,'comment','1',NULL,'1','2013-05-27 08:00:00','1','2013-05-27 08:00:00',NULL,'0'),('51','50','0,1,31,40,50,','查看',30,NULL,NULL,NULL,'0','cms:comment:view','1','2013-05-27 08:00:00','1','2013-05-27 08:00:00',NULL,'0'),('52','50','0,1,31,40,50,','审核',40,NULL,NULL,NULL,'0','cms:comment:edit','1','2013-05-27 08:00:00','1','2013-05-27 08:00:00',NULL,'0'),('53','40','0,1,31,40,','公共留言',80,'/cms/guestbook/?status=2',NULL,'glass','1',NULL,'1','2013-05-27 08:00:00','1','2013-05-27 08:00:00',NULL,'0'),('54','53','0,1,31,40,53,','查看',30,NULL,NULL,NULL,'0','cms:guestbook:view','1','2013-05-27 08:00:00','1','2013-05-27 08:00:00',NULL,'0'),('55','53','0,1,31,40,53,','审核',40,NULL,NULL,NULL,'0','cms:guestbook:edit','1','2013-05-27 08:00:00','1','2013-05-27 08:00:00',NULL,'0'),('56','71','0,1,27,71,','文件管理',90,'/../static/ckfinder/ckfinder.html',NULL,'folder-open','1',NULL,'1','2013-05-27 08:00:00','1','2013-05-27 08:00:00',NULL,'0'),('57','56','0,1,27,40,56,','查看',30,NULL,NULL,NULL,'0','cms:ckfinder:view','1','2013-05-27 08:00:00','1','2013-05-27 08:00:00',NULL,'0'),('58','56','0,1,27,40,56,','上传',40,NULL,NULL,NULL,'0','cms:ckfinder:upload','1','2013-05-27 08:00:00','1','2013-05-27 08:00:00',NULL,'0'),('59','56','0,1,27,40,56,','修改',50,NULL,NULL,NULL,'0','cms:ckfinder:edit','1','2013-05-27 08:00:00','1','2013-05-27 08:00:00',NULL,'0'),('6','4','0,1,2,3,4,','修改',40,NULL,NULL,NULL,'0','sys:menu:edit','1','2013-05-27 08:00:00','1','2013-05-27 08:00:00',NULL,'0'),('60','31','0,1,31,','统计分析',600,NULL,NULL,NULL,'1',NULL,'1','2013-05-27 08:00:00','1','2013-05-27 08:00:00',NULL,'0'),('61','60','0,1,31,60,','信息量统计',30,'/cms/stats/article',NULL,'tasks','1','cms:stats:article','1','2013-05-27 08:00:00','1','2013-05-27 08:00:00',NULL,'0'),('62','1','0,1,','在线办公',200,NULL,NULL,NULL,'1',NULL,'1','2013-05-27 08:00:00','1','2013-05-27 08:00:00',NULL,'0'),('63','62','0,1,62,','个人办公',30,NULL,NULL,NULL,'1',NULL,'1','2013-05-27 08:00:00','1','2013-05-27 08:00:00',NULL,'0'),('64','63','0,1,62,63,','请假办理',300,'/oa/leave',NULL,'leaf','0',NULL,'1','2013-05-27 08:00:00','1','2013-05-27 08:00:00',NULL,'0'),('65','64','0,1,62,63,64,','查看',30,NULL,NULL,NULL,'0','oa:leave:view','1','2013-05-27 08:00:00','1','2013-05-27 08:00:00',NULL,'0'),('66','64','0,1,62,63,64,','修改',40,NULL,NULL,NULL,'0','oa:leave:edit','1','2013-05-27 08:00:00','1','2013-05-27 08:00:00',NULL,'0'),('67','2','0,1,2,','日志查询',985,NULL,NULL,NULL,'1',NULL,'1','2013-06-03 08:00:00','1','2013-06-03 08:00:00',NULL,'0'),('68','67','0,1,2,67,','日志查询',30,'/sys/log',NULL,'pencil','1','sys:log:view','1','2013-06-03 08:00:00','1','2013-06-03 08:00:00',NULL,'0'),('69','62','0,1,62,','流程管理',300,NULL,NULL,NULL,'1',NULL,'1','2013-05-27 08:00:00','1','2013-05-27 08:00:00',NULL,'0'),('6ef6c29c17a24103a3547a3551fdb10e','1d8e6cab6ef641418581234bdb2b460c','0,1,31,9072e6356cdb450ca088004c5b112499,1d8e6cab6ef641418581234bdb2b460c,','编辑',60,'','','','0','statuses:banner:edit','1','2016-05-05 17:14:05','1','2016-05-05 17:14:05','','0'),('7','3','0,1,2,3,','角色管理',50,'/sys/role/',NULL,'lock','1',NULL,'1','2013-05-27 08:00:00','1','2013-05-27 08:00:00',NULL,'0'),('70','69','0,1,62,69,','流程管理',50,'/act/process',NULL,'road','1','act:process:edit','1','2013-05-27 08:00:00','1','2013-05-27 08:00:00',NULL,'0'),('71','27','0,1,27,','文件管理',90,NULL,NULL,NULL,'1',NULL,'1','2013-05-27 08:00:00','1','2013-05-27 08:00:00',NULL,'0'),('72','69','0,1,62,69,','模型管理',100,'/act/model',NULL,'road','1','act:model:edit','1','2013-09-20 08:00:00','1','2013-09-20 08:00:00',NULL,'0'),('73','63','0,1,62,63,','我的任务',50,'/act/task/todo/',NULL,'tasks','1',NULL,'1','2013-09-24 08:00:00','1','2013-09-24 08:00:00',NULL,'0'),('74','63','0,1,62,63,','审批测试',100,'/oa/testAudit',NULL,NULL,'1','oa:testAudit:view,oa:testAudit:edit','1','2013-09-24 08:00:00','1','2013-09-24 08:00:00',NULL,'0'),('75','1','0,1,','在线演示',3000,NULL,NULL,NULL,'1',NULL,'1','2013-10-08 08:00:00','1','2013-10-08 08:00:00',NULL,'1'),('79','1','0,1,','代码生成',5000,NULL,NULL,NULL,'1',NULL,'1','2013-10-16 08:00:00','1','2013-10-16 08:00:00',NULL,'0'),('8','7','0,1,2,3,7,','查看',30,NULL,NULL,NULL,'0','sys:role:view','1','2013-05-27 08:00:00','1','2013-05-27 08:00:00',NULL,'0'),('80','79','0,1,79,','代码生成',50,NULL,NULL,NULL,'1',NULL,'1','2013-10-16 08:00:00','1','2013-10-16 08:00:00',NULL,'0'),('81','80','0,1,79,80,','生成方案配置',30,'/gen/genScheme',NULL,NULL,'1','gen:genScheme:view,gen:genScheme:edit','1','2013-10-16 08:00:00','1','2013-10-16 08:00:00',NULL,'0'),('82','80','0,1,79,80,','业务表配置',20,'/gen/genTable',NULL,NULL,'1','gen:genTable:view,gen:genTable:edit,gen:genTableColumn:view,gen:genTableColumn:edit','1','2013-10-16 08:00:00','1','2013-10-16 08:00:00',NULL,'0'),('83','80','0,1,79,80,','代码模板管理',90,'/gen/genTemplate',NULL,NULL,'1','gen:genTemplate:view,gen:genTemplate:edit','1','2013-10-16 08:00:00','1','2013-10-16 08:00:00',NULL,'1'),('84','67','0,1,2,67,','连接池监视',40,'/../druid',NULL,NULL,'1',NULL,'1','2013-10-18 08:00:00','1','2013-10-18 08:00:00',NULL,'0'),('85','76','0,1,75,76,','行政区域',80,'/../static/map/map-city.html',NULL,NULL,'1',NULL,'1','2013-10-22 08:00:00','1','2013-10-22 08:00:00',NULL,'0'),('86','75','0,1,75,','组件演示',50,NULL,NULL,NULL,'1',NULL,'1','2013-10-22 08:00:00','1','2013-10-22 08:00:00',NULL,'1'),('87','86','0,1,75,86,','组件演示',30,'/test/test/form',NULL,NULL,'1','test:test:view,test:test:edit','1','2013-10-22 08:00:00','1','2013-10-22 08:00:00',NULL,'1'),('88','62','0,1,62,','通知通告',20,'','','','1','','1','2013-11-08 08:00:00','1','2013-11-08 08:00:00',NULL,'0'),('89','88','0,1,62,88,','我的通告',30,'/oa/oaNotify/self','','','1','','1','2013-11-08 08:00:00','1','2013-11-08 08:00:00',NULL,'0'),('8a5946ec80f44b4f8236d2c4e6b66610','9072e6356cdb450ca088004c5b112499','0,1,31,9072e6356cdb450ca088004c5b112499,','行业内容',60,'/statuses/jhiStatuses','','','1','','1','2016-04-29 15:24:28','1','2016-04-29 15:24:57','','0'),('8d2db48b38cb4861b4660400093c3514','a4461ad134864ab0a159c5d40633aca5','0,1,31,9072e6356cdb450ca088004c5b112499,a4461ad134864ab0a159c5d40633aca5,','查看',30,'','','','0','statuses:newsClue:view','1','2016-05-05 17:11:42','1','2016-05-05 17:11:42','','0'),('9','7','0,1,2,3,7,','修改',40,NULL,NULL,NULL,'0','sys:role:edit','1','2013-05-27 08:00:00','1','2013-05-27 08:00:00',NULL,'0'),('90','88','0,1,62,88,','通告管理',50,'/oa/oaNotify','','','1','oa:oaNotify:view,oa:oaNotify:edit','1','2013-11-08 08:00:00','1','2013-11-08 08:00:00',NULL,'0'),('9072e6356cdb450ca088004c5b112499','31','0,1,31,','行业资讯',5030,'','','','1','','1','2016-04-29 15:03:38','1','2016-04-29 15:27:42','','0'),('9e4173eb12f94e0386ec762a3c64c837','a4461ad134864ab0a159c5d40633aca5','0,1,31,9072e6356cdb450ca088004c5b112499,a4461ad134864ab0a159c5d40633aca5,','编辑',60,'','','','0','statuses:newsClue:edit','1','2016-05-05 17:12:18','1','2016-05-05 17:12:18','','0'),('a4461ad134864ab0a159c5d40633aca5','9072e6356cdb450ca088004c5b112499','0,1,31,9072e6356cdb450ca088004c5b112499,','新闻线索爆料',90,'/statuses/newsClue','','','1','','1','2016-05-05 17:10:53','1','2016-05-05 17:10:53','','0'),('afab2db430e2457f9cf3a11feaa8b869','0ca004d6b1bf4bcab9670a5060d82a55','0,1,79,3c92c17886944d0687e73e286cada573,0ca004d6b1bf4bcab9670a5060d82a55,','编辑',60,'','','','0','test:testTree:edit','1','2013-08-12 13:10:05','1','2013-08-12 13:10:05','','0'),('b1f6d1b86ba24365bae7fd86c5082317','3c92c17886944d0687e73e286cada573','0,1,79,3c92c17886944d0687e73e286cada573,','主子表',60,'/test/testDataMain','','','1','','1','2013-08-12 13:10:05','1','2013-08-12 13:10:05','','0'),('ba8092291b40482db8fe7fc006ea3d76','3c92c17886944d0687e73e286cada573','0,1,79,3c92c17886944d0687e73e286cada573,','单表',30,'/test/testData','','','1','','1','2013-08-12 13:10:05','1','2013-08-12 13:10:05','','0'),('c2e4d9082a0b4386884a0b203afe2c5c','0ca004d6b1bf4bcab9670a5060d82a55','0,1,79,3c92c17886944d0687e73e286cada573,0ca004d6b1bf4bcab9670a5060d82a55,','查看',30,'','','','0','test:testTree:view','1','2013-08-12 13:10:05','1','2013-08-12 13:10:05','','0'),('c75e1ebfef724f6b817a37c339aafc18','8a5946ec80f44b4f8236d2c4e6b66610','0,1,31,9072e6356cdb450ca088004c5b112499,8a5946ec80f44b4f8236d2c4e6b66610,','编辑',60,'','','','0','statuses:jhiStatuses:edit','1','2016-04-29 15:25:48','1','2016-04-29 15:25:48','','0'),('d15ec45a4c5449c3bbd7a61d5f9dd1d2','b1f6d1b86ba24365bae7fd86c5082317','0,1,79,3c92c17886944d0687e73e286cada573,b1f6d1b86ba24365bae7fd86c5082317,','编辑',60,'','','','0','test:testDataMain:edit','1','2013-08-12 13:10:05','1','2013-08-12 13:10:05','','0'),('d2e6fe69ce8e4460982943978b61602e','1d8e6cab6ef641418581234bdb2b460c','0,1,31,9072e6356cdb450ca088004c5b112499,1d8e6cab6ef641418581234bdb2b460c,','查看',30,'','','','0','statuses:banner:view','1','2016-05-05 17:12:54','1','2016-05-05 17:12:54','','0'),('df7ce823c5b24ff9bada43d992f373e2','ba8092291b40482db8fe7fc006ea3d76','0,1,79,3c92c17886944d0687e73e286cada573,ba8092291b40482db8fe7fc006ea3d76,','查看',30,'','','','0','test:testData:view','1','2013-08-12 13:10:05','1','2013-08-12 13:10:05','','0');
/*!40000 ALTER TABLE `sys_menu` ENABLE KEYS */;
UNLOCK TABLES;

--
-- Table structure for table `sys_office`
--

DROP TABLE IF EXISTS `sys_office`;
/*!40101 SET @saved_cs_client     = @@character_set_client */;
/*!40101 SET character_set_client = utf8 */;
CREATE TABLE `sys_office` (
  `id` varchar(64) NOT NULL COMMENT '编号',
  `parent_id` varchar(64) NOT NULL COMMENT '父级编号',
  `parent_ids` varchar(2000) NOT NULL COMMENT '所有父级编号',
  `name` varchar(100) NOT NULL COMMENT '名称',
  `sort` decimal(10,0) NOT NULL COMMENT '排序',
  `area_id` varchar(64) NOT NULL COMMENT '归属区域',
  `code` varchar(100) DEFAULT NULL COMMENT '区域编码',
  `type` char(1) NOT NULL COMMENT '机构类型',
  `grade` char(1) NOT NULL COMMENT '机构等级',
  `address` varchar(255) DEFAULT NULL COMMENT '联系地址',
  `zip_code` varchar(100) DEFAULT NULL COMMENT '邮政编码',
  `master` varchar(100) DEFAULT NULL COMMENT '负责人',
  `phone` varchar(200) DEFAULT NULL COMMENT '电话',
  `fax` varchar(200) DEFAULT NULL COMMENT '传真',
  `email` varchar(200) DEFAULT NULL COMMENT '邮箱',
  `USEABLE` varchar(64) DEFAULT NULL COMMENT '是否启用',
  `PRIMARY_PERSON` varchar(64) DEFAULT NULL COMMENT '主负责人',
  `DEPUTY_PERSON` varchar(64) DEFAULT NULL COMMENT '副负责人',
  `create_by` varchar(64) NOT NULL COMMENT '创建者',
  `create_date` datetime NOT NULL COMMENT '创建时间',
  `update_by` varchar(64) NOT NULL COMMENT '更新者',
  `update_date` datetime NOT NULL COMMENT '更新时间',
  `remarks` varchar(255) DEFAULT NULL COMMENT '备注信息',
  `del_flag` char(1) NOT NULL DEFAULT '0' COMMENT '删除标记',
  PRIMARY KEY (`id`),
  KEY `sys_office_parent_id` (`parent_id`),
  KEY `sys_office_del_flag` (`del_flag`),
  KEY `sys_office_type` (`type`)
) ENGINE=InnoDB DEFAULT CHARSET=utf8 COMMENT='机构表';
/*!40101 SET character_set_client = @saved_cs_client */;

--
-- Dumping data for table `sys_office`
--

LOCK TABLES `sys_office` WRITE;
/*!40000 ALTER TABLE `sys_office` DISABLE KEYS */;
INSERT INTO `sys_office` VALUES ('1','0','0,','总公司',10,'2','100000','1','1','','','','','','','1','','','1','2013-05-27 08:00:00','1','2016-05-03 16:16:05','','0'),('10','7','0,1,7,','市场部',30,'3','200003','2','2',NULL,NULL,NULL,NULL,NULL,NULL,'1',NULL,NULL,'1','2013-05-27 08:00:00','1','2013-05-27 08:00:00',NULL,'1'),('11','7','0,1,7,','技术部',40,'3','200004','2','2',NULL,NULL,NULL,NULL,NULL,NULL,'1',NULL,NULL,'1','2013-05-27 08:00:00','1','2013-05-27 08:00:00',NULL,'1'),('12','7','0,1,7,','历城区分公司',0,'4','201000','1','3',NULL,NULL,NULL,NULL,NULL,NULL,'1',NULL,NULL,'1','2013-05-27 08:00:00','1','2013-05-27 08:00:00',NULL,'1'),('13','12','0,1,7,12,','公司领导',10,'4','201001','2','3',NULL,NULL,NULL,NULL,NULL,NULL,'1',NULL,NULL,'1','2013-05-27 08:00:00','1','2013-05-27 08:00:00',NULL,'1'),('14','12','0,1,7,12,','综合部',20,'4','201002','2','3',NULL,NULL,NULL,NULL,NULL,NULL,'1',NULL,NULL,'1','2013-05-27 08:00:00','1','2013-05-27 08:00:00',NULL,'1'),('15','12','0,1,7,12,','市场部',30,'4','201003','2','3',NULL,NULL,NULL,NULL,NULL,NULL,'1',NULL,NULL,'1','2013-05-27 08:00:00','1','2013-05-27 08:00:00',NULL,'1'),('16','12','0,1,7,12,','技术部',40,'4','201004','2','3',NULL,NULL,NULL,NULL,NULL,NULL,'1',NULL,NULL,'1','2013-05-27 08:00:00','1','2013-05-27 08:00:00',NULL,'1'),('17','7','0,1,7,','历下区分公司',40,'5','201010','1','3',NULL,NULL,NULL,NULL,NULL,NULL,'1',NULL,NULL,'1','2013-05-27 08:00:00','1','2013-05-27 08:00:00',NULL,'1'),('18','17','0,1,7,17,','公司领导',10,'5','201011','2','3',NULL,NULL,NULL,NULL,NULL,NULL,'1',NULL,NULL,'1','2013-05-27 08:00:00','1','2013-05-27 08:00:00',NULL,'1'),('19','17','0,1,7,17,','综合部',20,'5','201012','2','3',NULL,NULL,NULL,NULL,NULL,NULL,'1',NULL,NULL,'1','2013-05-27 08:00:00','1','2013-05-27 08:00:00',NULL,'1'),('2','1','0,1,','公司领导',10,'2','100001','2','1',NULL,NULL,NULL,NULL,NULL,NULL,'1',NULL,NULL,'1','2013-05-27 08:00:00','1','2013-05-27 08:00:00',NULL,'0'),('20','17','0,1,7,17,','市场部',30,'5','201013','2','3',NULL,NULL,NULL,NULL,NULL,NULL,'1',NULL,NULL,'1','2013-05-27 08:00:00','1','2013-05-27 08:00:00',NULL,'1'),('21','17','0,1,7,17,','技术部',40,'5','201014','2','3',NULL,NULL,NULL,NULL,NULL,NULL,'1',NULL,NULL,'1','2013-05-27 08:00:00','1','2013-05-27 08:00:00',NULL,'1'),('22','7','0,1,7,','高新区分公司',50,'6','201010','1','3',NULL,NULL,NULL,NULL,NULL,NULL,'1',NULL,NULL,'1','2013-05-27 08:00:00','1','2013-05-27 08:00:00',NULL,'1'),('23','22','0,1,7,22,','公司领导',10,'6','201011','2','3',NULL,NULL,NULL,NULL,NULL,NULL,'1',NULL,NULL,'1','2013-05-27 08:00:00','1','2013-05-27 08:00:00',NULL,'1'),('24','22','0,1,7,22,','综合部',20,'6','201012','2','3',NULL,NULL,NULL,NULL,NULL,NULL,'1',NULL,NULL,'1','2013-05-27 08:00:00','1','2013-05-27 08:00:00',NULL,'1'),('25','22','0,1,7,22,','市场部',30,'6','201013','2','3',NULL,NULL,NULL,NULL,NULL,NULL,'1',NULL,NULL,'1','2013-05-27 08:00:00','1','2013-05-27 08:00:00',NULL,'1'),('26','22','0,1,7,22,','技术部',40,'6','201014','2','3',NULL,NULL,NULL,NULL,NULL,NULL,'1',NULL,NULL,'1','2013-05-27 08:00:00','1','2013-05-27 08:00:00',NULL,'1'),('3','1','0,1,','综合部',20,'2','100002','2','1',NULL,NULL,NULL,NULL,NULL,NULL,'1',NULL,NULL,'1','2013-05-27 08:00:00','1','2013-05-27 08:00:00',NULL,'0'),('4','1','0,1,','市场部',30,'2','100003','2','1',NULL,NULL,NULL,NULL,NULL,NULL,'1',NULL,NULL,'1','2013-05-27 08:00:00','1','2013-05-27 08:00:00',NULL,'0'),('5','1','0,1,','技术部',40,'2','100004','2','1',NULL,NULL,NULL,NULL,NULL,NULL,'1',NULL,NULL,'1','2013-05-27 08:00:00','1','2013-05-27 08:00:00',NULL,'0'),('6','1','0,1,','研发部',50,'2','100005','2','1',NULL,NULL,NULL,NULL,NULL,NULL,'1',NULL,NULL,'1','2013-05-27 08:00:00','1','2013-05-27 08:00:00',NULL,'0'),('7','1','0,1,','济南市分公司',20,'3','200000','1','2',NULL,NULL,NULL,NULL,NULL,NULL,'1',NULL,NULL,'1','2013-05-27 08:00:00','1','2013-05-27 08:00:00',NULL,'1'),('8','7','0,1,7,','公司领导',10,'3','200001','2','2',NULL,NULL,NULL,NULL,NULL,NULL,'1',NULL,NULL,'1','2013-05-27 08:00:00','1','2013-05-27 08:00:00',NULL,'1'),('9','7','0,1,7,','综合部',20,'3','200002','2','2',NULL,NULL,NULL,NULL,NULL,NULL,'1',NULL,NULL,'1','2013-05-27 08:00:00','1','2013-05-27 08:00:00',NULL,'1');
/*!40000 ALTER TABLE `sys_office` ENABLE KEYS */;
UNLOCK TABLES;

--
-- Table structure for table `sys_role`
--

DROP TABLE IF EXISTS `sys_role`;
/*!40101 SET @saved_cs_client     = @@character_set_client */;
/*!40101 SET character_set_client = utf8 */;
CREATE TABLE `sys_role` (
  `id` varchar(64) NOT NULL COMMENT '编号',
  `office_id` varchar(64) DEFAULT NULL COMMENT '归属机构',
  `name` varchar(100) NOT NULL COMMENT '角色名称',
  `enname` varchar(255) DEFAULT NULL COMMENT '英文名称',
  `role_type` varchar(255) DEFAULT NULL COMMENT '角色类型',
  `data_scope` char(1) DEFAULT NULL COMMENT '数据范围',
  `is_sys` varchar(64) DEFAULT NULL COMMENT '是否系统数据',
  `useable` varchar(64) DEFAULT NULL COMMENT '是否可用',
  `create_by` varchar(64) NOT NULL COMMENT '创建者',
  `create_date` datetime NOT NULL COMMENT '创建时间',
  `update_by` varchar(64) NOT NULL COMMENT '更新者',
  `update_date` datetime NOT NULL COMMENT '更新时间',
  `remarks` varchar(255) DEFAULT NULL COMMENT '备注信息',
  `del_flag` char(1) NOT NULL DEFAULT '0' COMMENT '删除标记',
  PRIMARY KEY (`id`),
  KEY `sys_role_del_flag` (`del_flag`),
  KEY `sys_role_enname` (`enname`)
) ENGINE=InnoDB DEFAULT CHARSET=utf8 COMMENT='角色表';
/*!40101 SET character_set_client = @saved_cs_client */;

--
-- Dumping data for table `sys_role`
--

LOCK TABLES `sys_role` WRITE;
/*!40000 ALTER TABLE `sys_role` DISABLE KEYS */;
INSERT INTO `sys_role` VALUES ('1','1','系统管理员','dept','assignment','1',NULL,'1','1','2013-05-27 08:00:00','1','2013-05-27 08:00:00',NULL,'0'),('2','1','公司管理员','hr','assignment','2',NULL,'1','1','2013-05-27 08:00:00','1','2013-05-27 08:00:00',NULL,'0'),('3','1','本公司管理员','a','assignment','3',NULL,'1','1','2013-05-27 08:00:00','1','2013-05-27 08:00:00',NULL,'1'),('4','2','总编','zb','assignment','4','1','1','1','2013-05-27 08:00:00','1','2016-05-05 17:15:33','','0'),('5','1','本部门管理员','c','assignment','5',NULL,'1','1','2013-05-27 08:00:00','1','2013-05-27 08:00:00',NULL,'1'),('6','1','普通用户','d','assignment','8',NULL,'1','1','2013-05-27 08:00:00','1','2013-05-27 08:00:00',NULL,'0'),('7','7','济南市管理员','e','assignment','9',NULL,'1','1','2013-05-27 08:00:00','1','2013-05-27 08:00:00',NULL,'1');
/*!40000 ALTER TABLE `sys_role` ENABLE KEYS */;
UNLOCK TABLES;

--
-- Table structure for table `sys_role_menu`
--

DROP TABLE IF EXISTS `sys_role_menu`;
/*!40101 SET @saved_cs_client     = @@character_set_client */;
/*!40101 SET character_set_client = utf8 */;
CREATE TABLE `sys_role_menu` (
  `role_id` varchar(64) NOT NULL COMMENT '角色编号',
  `menu_id` varchar(64) NOT NULL COMMENT '菜单编号',
  PRIMARY KEY (`role_id`,`menu_id`)
) ENGINE=InnoDB DEFAULT CHARSET=utf8 COMMENT='角色-菜单';
/*!40101 SET character_set_client = @saved_cs_client */;

--
-- Dumping data for table `sys_role_menu`
--

LOCK TABLES `sys_role_menu` WRITE;
/*!40000 ALTER TABLE `sys_role_menu` DISABLE KEYS */;
INSERT INTO `sys_role_menu` VALUES ('1','1'),('1','10'),('1','11'),('1','12'),('1','13'),('1','14'),('1','15'),('1','16'),('1','17'),('1','18'),('1','19'),('1','2'),('1','20'),('1','21'),('1','22'),('1','23'),('1','24'),('1','25'),('1','26'),('1','27'),('1','28'),('1','29'),('1','3'),('1','30'),('1','31'),('1','32'),('1','33'),('1','34'),('1','35'),('1','36'),('1','37'),('1','38'),('1','39'),('1','4'),('1','40'),('1','41'),('1','42'),('1','43'),('1','44'),('1','45'),('1','46'),('1','47'),('1','48'),('1','49'),('1','5'),('1','50'),('1','51'),('1','52'),('1','53'),('1','54'),('1','55'),('1','56'),('1','57'),('1','58'),('1','59'),('1','6'),('1','60'),('1','61'),('1','62'),('1','63'),('1','64'),('1','65'),('1','66'),('1','67'),('1','68'),('1','69'),('1','7'),('1','70'),('1','71'),('1','72'),('1','73'),('1','74'),('1','75'),('1','76'),('1','77'),('1','78'),('1','79'),('1','8'),('1','80'),('1','81'),('1','82'),('1','83'),('1','84'),('1','85'),('1','86'),('1','87'),('1','88'),('1','89'),('1','9'),('1','90'),('2','1'),('2','10'),('2','11'),('2','12'),('2','13'),('2','14'),('2','15'),('2','16'),('2','17'),('2','18'),('2','19'),('2','2'),('2','20'),('2','21'),('2','22'),('2','23'),('2','24'),('2','25'),('2','26'),('2','27'),('2','28'),('2','29'),('2','3'),('2','30'),('2','31'),('2','32'),('2','33'),('2','34'),('2','35'),('2','36'),('2','37'),('2','38'),('2','39'),('2','4'),('2','40'),('2','41'),('2','42'),('2','43'),('2','44'),('2','45'),('2','46'),('2','47'),('2','48'),('2','49'),('2','5'),('2','50'),('2','51'),('2','52'),('2','53'),('2','54'),('2','55'),('2','56'),('2','57'),('2','58'),('2','59'),('2','6'),('2','60'),('2','61'),('2','62'),('2','63'),('2','64'),('2','65'),('2','66'),('2','67'),('2','68'),('2','69'),('2','7'),('2','70'),('2','71'),('2','72'),('2','73'),('2','74'),('2','75'),('2','76'),('2','77'),('2','78'),('2','79'),('2','8'),('2','80'),('2','81'),('2','82'),('2','83'),('2','84'),('2','85'),('2','86'),('2','87'),('2','88'),('2','89'),('2','9'),('2','90'),('3','1'),('3','10'),('3','11'),('3','12'),('3','13'),('3','14'),('3','15'),('3','16'),('3','17'),('3','18'),('3','19'),('3','2'),('3','20'),('3','21'),('3','22'),('3','23'),('3','24'),('3','25'),('3','26'),('3','27'),('3','28'),('3','29'),('3','3'),('3','30'),('3','31'),('3','32'),('3','33'),('3','34'),('3','35'),('3','36'),('3','37'),('3','38'),('3','39'),('3','4'),('3','40'),('3','41'),('3','42'),('3','43'),('3','44'),('3','45'),('3','46'),('3','47'),('3','48'),('3','49'),('3','5'),('3','50'),('3','51'),('3','52'),('3','53'),('3','54'),('3','55'),('3','56'),('3','57'),('3','58'),('3','59'),('3','6'),('3','60'),('3','61'),('3','62'),('3','63'),('3','64'),('3','65'),('3','66'),('3','67'),('3','68'),('3','69'),('3','7'),('3','70'),('3','71'),('3','72'),('3','73'),('3','74'),('3','75'),('3','76'),('3','77'),('3','78'),('3','79'),('3','8'),('3','80'),('3','81'),('3','82'),('3','83'),('3','84'),('3','85'),('3','86'),('3','87'),('3','88'),('3','89'),('3','9'),('3','90'),('4','04cf231864fa40f3ab58600796b13c3c'),('4','1'),('4','1abe6c0febab4060923b456038d3d929'),('4','1d8e6cab6ef641418581234bdb2b460c'),('4','27'),('4','28'),('4','29'),('4','2abd579b0e7f46e9a95bd86aeca74c2f'),('4','30'),('4','31'),('4','442eca52d9f94fc3be5ad90ac0120be9'),('4','6ef6c29c17a24103a3547a3551fdb10e'),('4','8a5946ec80f44b4f8236d2c4e6b66610'),('4','8d2db48b38cb4861b4660400093c3514'),('4','9072e6356cdb450ca088004c5b112499'),('4','9e4173eb12f94e0386ec762a3c64c837'),('4','a4461ad134864ab0a159c5d40633aca5'),('4','c75e1ebfef724f6b817a37c339aafc18'),('4','d2e6fe69ce8e4460982943978b61602e');
/*!40000 ALTER TABLE `sys_role_menu` ENABLE KEYS */;
UNLOCK TABLES;

--
-- Table structure for table `sys_role_office`
--

DROP TABLE IF EXISTS `sys_role_office`;
/*!40101 SET @saved_cs_client     = @@character_set_client */;
/*!40101 SET character_set_client = utf8 */;
CREATE TABLE `sys_role_office` (
  `role_id` varchar(64) NOT NULL COMMENT '角色编号',
  `office_id` varchar(64) NOT NULL COMMENT '机构编号',
  PRIMARY KEY (`role_id`,`office_id`)
) ENGINE=InnoDB DEFAULT CHARSET=utf8 COMMENT='角色-机构';
/*!40101 SET character_set_client = @saved_cs_client */;

--
-- Dumping data for table `sys_role_office`
--

LOCK TABLES `sys_role_office` WRITE;
/*!40000 ALTER TABLE `sys_role_office` DISABLE KEYS */;
INSERT INTO `sys_role_office` VALUES ('7','10'),('7','11'),('7','12'),('7','13'),('7','14'),('7','15'),('7','16'),('7','17'),('7','18'),('7','19'),('7','20'),('7','21'),('7','22'),('7','23'),('7','24'),('7','25'),('7','26'),('7','7'),('7','8'),('7','9');
/*!40000 ALTER TABLE `sys_role_office` ENABLE KEYS */;
UNLOCK TABLES;

--
-- Table structure for table `sys_user`
--

DROP TABLE IF EXISTS `sys_user`;
/*!40101 SET @saved_cs_client     = @@character_set_client */;
/*!40101 SET character_set_client = utf8 */;
CREATE TABLE `sys_user` (
  `id` varchar(64) NOT NULL COMMENT '编号',
  `company_id` varchar(64) NOT NULL COMMENT '归属公司',
  `office_id` varchar(64) NOT NULL COMMENT '归属部门',
  `login_name` varchar(100) NOT NULL COMMENT '登录名',
  `password` varchar(100) NOT NULL COMMENT '密码',
  `no` varchar(100) DEFAULT NULL COMMENT '工号',
  `name` varchar(100) NOT NULL COMMENT '姓名',
  `email` varchar(200) DEFAULT NULL COMMENT '邮箱',
  `phone` varchar(200) DEFAULT NULL COMMENT '电话',
  `mobile` varchar(200) DEFAULT NULL COMMENT '手机',
  `user_type` char(1) DEFAULT NULL COMMENT '用户类型',
  `photo` varchar(1000) DEFAULT NULL COMMENT '用户头像',
  `login_ip` varchar(100) DEFAULT NULL COMMENT '最后登陆IP',
  `login_date` datetime DEFAULT NULL COMMENT '最后登陆时间',
  `login_flag` varchar(64) DEFAULT NULL COMMENT '是否可登录',
  `create_by` varchar(64) NOT NULL COMMENT '创建者',
  `create_date` datetime NOT NULL COMMENT '创建时间',
  `update_by` varchar(64) NOT NULL COMMENT '更新者',
  `update_date` datetime NOT NULL COMMENT '更新时间',
  `remarks` varchar(255) DEFAULT NULL COMMENT '备注信息',
  `del_flag` char(1) NOT NULL DEFAULT '0' COMMENT '删除标记',
  PRIMARY KEY (`id`),
  KEY `sys_user_office_id` (`office_id`),
  KEY `sys_user_login_name` (`login_name`),
  KEY `sys_user_company_id` (`company_id`),
  KEY `sys_user_update_date` (`update_date`),
  KEY `sys_user_del_flag` (`del_flag`)
) ENGINE=InnoDB DEFAULT CHARSET=utf8 COMMENT='用户表';
/*!40101 SET character_set_client = @saved_cs_client */;

--
-- Dumping data for table `sys_user`
--

LOCK TABLES `sys_user` WRITE;
/*!40000 ALTER TABLE `sys_user` DISABLE KEYS */;
INSERT INTO `sys_user` VALUES ('1','1','2','thinkgem','02a3f0772fcca9f415adc990734b45c6f059c7d33ee28362c4852032','0001','系统管理员','thinkgem@163.com','8675','8675',NULL,NULL,'127.0.0.1','2016-05-05 17:40:37','1','1','2013-05-27 08:00:00','1','2013-05-27 08:00:00','最高管理员','0'),('10','7','11','jn_jsb','02a3f0772fcca9f415adc990734b45c6f059c7d33ee28362c4852032','0010','济南技术部',NULL,NULL,NULL,NULL,NULL,NULL,NULL,'1','1','2013-05-27 08:00:00','1','2013-05-27 08:00:00',NULL,'0'),('11','12','13','lc_admin','02a3f0772fcca9f415adc990734b45c6f059c7d33ee28362c4852032','0011','济南历城领导',NULL,NULL,NULL,NULL,NULL,NULL,NULL,'1','1','2013-05-27 08:00:00','1','2013-05-27 08:00:00',NULL,'0'),('12','12','18','lx_admin','02a3f0772fcca9f415adc990734b45c6f059c7d33ee28362c4852032','0012','济南历下领导',NULL,NULL,NULL,NULL,NULL,NULL,NULL,'1','1','2013-05-27 08:00:00','1','2013-05-27 08:00:00',NULL,'0'),('13','22','23','gx_admin','02a3f0772fcca9f415adc990734b45c6f059c7d33ee28362c4852032','0013','济南高新领导',NULL,NULL,NULL,NULL,NULL,NULL,NULL,'1','1','2013-05-27 08:00:00','1','2013-05-27 08:00:00',NULL,'0'),('2','1','2','sd_admin','02a3f0772fcca9f415adc990734b45c6f059c7d33ee28362c4852032','0002','管理员',NULL,NULL,NULL,NULL,NULL,NULL,NULL,'1','1','2013-05-27 08:00:00','1','2013-05-27 08:00:00',NULL,'0'),('3','1','3','sd_zhb','02a3f0772fcca9f415adc990734b45c6f059c7d33ee28362c4852032','0003','综合部',NULL,NULL,NULL,NULL,NULL,NULL,NULL,'1','1','2013-05-27 08:00:00','1','2013-05-27 08:00:00',NULL,'0'),('4','1','4','sd_scb','02a3f0772fcca9f415adc990734b45c6f059c7d33ee28362c4852032','0004','市场部',NULL,NULL,NULL,NULL,NULL,NULL,NULL,'1','1','2013-05-27 08:00:00','1','2013-05-27 08:00:00',NULL,'0'),('5','1','5','sd_jsb','02a3f0772fcca9f415adc990734b45c6f059c7d33ee28362c4852032','0005','技术部',NULL,NULL,NULL,NULL,NULL,NULL,NULL,'1','1','2013-05-27 08:00:00','1','2013-05-27 08:00:00',NULL,'0'),('6','1','6','sd_yfb','02a3f0772fcca9f415adc990734b45c6f059c7d33ee28362c4852032','0006','研发部',NULL,NULL,NULL,NULL,NULL,NULL,NULL,'1','1','2013-05-27 08:00:00','1','2013-05-27 08:00:00',NULL,'0'),('7','7','8','jn_admin','02a3f0772fcca9f415adc990734b45c6f059c7d33ee28362c4852032','0007','济南领导',NULL,NULL,NULL,NULL,NULL,NULL,NULL,'1','1','2013-05-27 08:00:00','1','2013-05-27 08:00:00',NULL,'0'),('70262adb686d4e09a90637416213d547','1','6','lvlin','746be37779c76f2b582d8b517fa125f8645eb0b605a56049aae12e1b','100101','吕琳','','','','1','','127.0.0.1','2016-05-05 10:26:59','1','1','2016-05-03 16:20:47','1','2016-05-03 16:21:04','','0'),('8','7','9','jn_zhb','02a3f0772fcca9f415adc990734b45c6f059c7d33ee28362c4852032','0008','济南综合部',NULL,NULL,NULL,NULL,NULL,NULL,NULL,'1','1','2013-05-27 08:00:00','1','2013-05-27 08:00:00',NULL,'0'),('9','7','10','jn_scb','02a3f0772fcca9f415adc990734b45c6f059c7d33ee28362c4852032','0009','济南市场部',NULL,NULL,NULL,NULL,NULL,NULL,NULL,'1','1','2013-05-27 08:00:00','1','2013-05-27 08:00:00',NULL,'0'),('942475a82d4c4d059191e32b5e17c207','1','2','luojun','6a040289806e60e9710469be0ce59cd76361f6e268291b25d50675b4','100102','洛珺','','','','','','127.0.0.1','2016-05-03 19:23:23','1','1','2016-05-03 16:26:06','1','2016-05-03 16:26:06','','0');
/*!40000 ALTER TABLE `sys_user` ENABLE KEYS */;
UNLOCK TABLES;

--
-- Table structure for table `sys_user_role`
--

DROP TABLE IF EXISTS `sys_user_role`;
/*!40101 SET @saved_cs_client     = @@character_set_client */;
/*!40101 SET character_set_client = utf8 */;
CREATE TABLE `sys_user_role` (
  `user_id` varchar(64) NOT NULL COMMENT '用户编号',
  `role_id` varchar(64) NOT NULL COMMENT '角色编号',
  PRIMARY KEY (`user_id`,`role_id`)
) ENGINE=InnoDB DEFAULT CHARSET=utf8 COMMENT='用户-角色';
/*!40101 SET character_set_client = @saved_cs_client */;

--
-- Dumping data for table `sys_user_role`
--

LOCK TABLES `sys_user_role` WRITE;
/*!40000 ALTER TABLE `sys_user_role` DISABLE KEYS */;
INSERT INTO `sys_user_role` VALUES ('1','1'),('1','2'),('10','2'),('11','3'),('12','4'),('13','5'),('14','6'),('2','1'),('3','2'),('4','3'),('5','4'),('6','5'),('7','2'),('7','7'),('70262adb686d4e09a90637416213d547','4'),('8','2'),('9','1'),('942475a82d4c4d059191e32b5e17c207','4');
/*!40000 ALTER TABLE `sys_user_role` ENABLE KEYS */;
UNLOCK TABLES;

--
-- Table structure for table `gen_scheme`
--

DROP TABLE IF EXISTS `gen_scheme`;
/*!40101 SET @saved_cs_client     = @@character_set_client */;
/*!40101 SET character_set_client = utf8 */;
CREATE TABLE `gen_scheme` (
  `id` varchar(64) NOT NULL COMMENT '编号',
  `name` varchar(200) DEFAULT NULL COMMENT '名称',
  `category` varchar(2000) DEFAULT NULL COMMENT '分类',
  `package_name` varchar(500) DEFAULT NULL COMMENT '生成包路径',
  `module_name` varchar(30) DEFAULT NULL COMMENT '生成模块名',
  `sub_module_name` varchar(30) DEFAULT NULL COMMENT '生成子模块名',
  `function_name` varchar(500) DEFAULT NULL COMMENT '生成功能名',
  `function_name_simple` varchar(100) DEFAULT NULL COMMENT '生成功能名（简写）',
  `function_author` varchar(100) DEFAULT NULL COMMENT '生成功能作者',
  `gen_table_id` varchar(200) DEFAULT NULL COMMENT '生成表编号',
  `create_by` varchar(64) DEFAULT NULL COMMENT '创建者',
  `create_date` datetime DEFAULT NULL COMMENT '创建时间',
  `update_by` varchar(64) DEFAULT NULL COMMENT '更新者',
  `update_date` datetime DEFAULT NULL COMMENT '更新时间',
  `remarks` varchar(255) DEFAULT NULL COMMENT '备注信息',
  `del_flag` char(1) NOT NULL DEFAULT '0' COMMENT '删除标记（0：正常；1：删除）',
  PRIMARY KEY (`id`),
  KEY `gen_scheme_del_flag` (`del_flag`)
) ENGINE=InnoDB DEFAULT CHARSET=utf8 COMMENT='生成方案';
/*!40101 SET character_set_client = @saved_cs_client */;

--
-- Dumping data for table `gen_scheme`
--

LOCK TABLES `gen_scheme` WRITE;
/*!40000 ALTER TABLE `gen_scheme` DISABLE KEYS */;
INSERT INTO `gen_scheme` VALUES ('35a13dc260284a728a270db3f382664b','树结构','treeTable','com.thinkgem.jeesite.modules','test',NULL,'树结构生成','树结构','ThinkGem','f6e4dafaa72f4c509636484715f33a96','1','2013-08-12 13:10:05','1','2013-08-12 13:10:05',NULL,'0'),('6da70fd336674cedb7468ca92795da1f','首页条幅','curd','com.thinkgem.jeesite.modules','statuses','','首页条幅','首页条幅','bread','ab1df21d65d14055881e1b630aa3ec0a','1','2016-05-05 16:53:27','1','2016-05-05 16:54:31','','0'),('72fc6e11af1e477bb63eb2bb9bbfac0c','新闻线索','curd','com.thinkgem.jeesite.modules','statuses','','新闻线索','新闻线索','bread','0ed17fc7abc94f3086e967844a3e3473','1','2016-05-05 16:55:14','1','2016-05-05 16:55:14','','0'),('9c9de9db6da743bb899036c6546061ac','单表','curd','com.thinkgem.jeesite.modules','test',NULL,'单表生成','单表','ThinkGem','aef6f1fc948f4c9ab1c1b780bc471cc2','1','2013-08-12 13:10:05','1','2013-08-12 13:10:05',NULL,'0'),('a0ab2a34957740098f330cef652cec19','行业资讯分类','curd','com.thinkgem.jeesite.modules','statuses','','行业资讯分类','行业资讯分类','bread','1b7977d3840941abb20226c99e7c6d7a','1','2016-04-29 14:45:31','1','2016-04-29 14:45:31','','0'),('a1bb616c44a14ea88ef5242c56800cc2','行业资讯','curd','com.thinkgem.jeesite.modules','statuses','','行业资讯','行业资讯分类','bread','788a2643aad64ce2a4cea288ad4924c5','1','2016-04-29 15:00:26','1','2016-04-29 16:40:40','','0'),('e6d905fd236b46d1af581dd32bdfb3b0','主子表','curd_many','com.thinkgem.jeesite.modules','test',NULL,'主子表生成','主子表','ThinkGem','43d6d5acffa14c258340ce6765e46c6f','1','2013-08-12 13:10:05','1','2013-08-12 13:10:05',NULL,'0');
/*!40000 ALTER TABLE `gen_scheme` ENABLE KEYS */;
UNLOCK TABLES;

--
-- Table structure for table `gen_table`
--

DROP TABLE IF EXISTS `gen_table`;
/*!40101 SET @saved_cs_client     = @@character_set_client */;
/*!40101 SET character_set_client = utf8 */;
CREATE TABLE `gen_table` (
  `id` varchar(64) NOT NULL COMMENT '编号',
  `name` varchar(200) DEFAULT NULL COMMENT '名称',
  `comments` varchar(500) DEFAULT NULL COMMENT '描述',
  `class_name` varchar(100) DEFAULT NULL COMMENT '实体类名称',
  `parent_table` varchar(200) DEFAULT NULL COMMENT '关联父表',
  `parent_table_fk` varchar(100) DEFAULT NULL COMMENT '关联父表外键',
  `create_by` varchar(64) DEFAULT NULL COMMENT '创建者',
  `create_date` datetime DEFAULT NULL COMMENT '创建时间',
  `update_by` varchar(64) DEFAULT NULL COMMENT '更新者',
  `update_date` datetime DEFAULT NULL COMMENT '更新时间',
  `remarks` varchar(255) DEFAULT NULL COMMENT '备注信息',
  `del_flag` char(1) NOT NULL DEFAULT '0' COMMENT '删除标记（0：正常；1：删除）',
  PRIMARY KEY (`id`),
  KEY `gen_table_name` (`name`),
  KEY `gen_table_del_flag` (`del_flag`)
) ENGINE=InnoDB DEFAULT CHARSET=utf8 COMMENT='业务表';
/*!40101 SET character_set_client = @saved_cs_client */;

--
-- Dumping data for table `gen_table`
--

LOCK TABLES `gen_table` WRITE;
/*!40000 ALTER TABLE `gen_table` DISABLE KEYS */;
INSERT INTO `gen_table` VALUES ('0ed17fc7abc94f3086e967844a3e3473','jhi_news_clue','jhi_news_clue','NewsClue','','','1','2016-05-05 16:52:18','1','2016-05-05 16:52:18','','0'),('1b7977d3840941abb20226c99e7c6d7a','jhi_status_category','jhi_status_category','JhiStatusCategory','','','1','2016-04-29 14:43:40','1','2016-04-29 14:43:40','','0'),('43d6d5acffa14c258340ce6765e46c6f','test_data_main','业务数据表','TestDataMain',NULL,NULL,'1','2013-08-12 13:10:05','1','2013-08-12 13:10:05',NULL,'0'),('6e05c389f3c6415ea34e55e9dfb28934','test_data_child','业务数据子表','TestDataChild','test_data_main','test_data_main_id','1','2013-08-12 13:10:05','1','2013-08-12 13:10:05',NULL,'0'),('788a2643aad64ce2a4cea288ad4924c5','jhi_statuses','jhi_statuses','JhiStatuses','','','1','2016-04-29 14:55:47','1','2016-04-29 16:38:05','','0'),('ab1df21d65d14055881e1b630aa3ec0a','jhi_banner','jhi_banner','Banner','','','1','2016-05-05 16:49:50','1','2016-05-05 16:50:19','','0'),('aef6f1fc948f4c9ab1c1b780bc471cc2','test_data','业务数据表','TestData',NULL,NULL,'1','2013-08-12 13:10:05','1','2013-08-12 13:10:05',NULL,'0'),('f6e4dafaa72f4c509636484715f33a96','test_tree','树结构表','TestTree',NULL,NULL,'1','2013-08-12 13:10:05','1','2013-08-12 13:10:05',NULL,'0');
/*!40000 ALTER TABLE `gen_table` ENABLE KEYS */;
UNLOCK TABLES;

--
-- Table structure for table `gen_table_column`
--

DROP TABLE IF EXISTS `gen_table_column`;
/*!40101 SET @saved_cs_client     = @@character_set_client */;
/*!40101 SET character_set_client = utf8 */;
CREATE TABLE `gen_table_column` (
  `id` varchar(64) NOT NULL COMMENT '编号',
  `gen_table_id` varchar(64) DEFAULT NULL COMMENT '归属表编号',
  `name` varchar(200) DEFAULT NULL COMMENT '名称',
  `comments` varchar(500) DEFAULT NULL COMMENT '描述',
  `jdbc_type` varchar(100) DEFAULT NULL COMMENT '列的数据类型的字节长度',
  `java_type` varchar(500) DEFAULT NULL COMMENT 'JAVA类型',
  `java_field` varchar(200) DEFAULT NULL COMMENT 'JAVA字段名',
  `is_pk` char(1) DEFAULT NULL COMMENT '是否主键',
  `is_null` char(1) DEFAULT NULL COMMENT '是否可为空',
  `is_insert` char(1) DEFAULT NULL COMMENT '是否为插入字段',
  `is_edit` char(1) DEFAULT NULL COMMENT '是否编辑字段',
  `is_list` char(1) DEFAULT NULL COMMENT '是否列表字段',
  `is_query` char(1) DEFAULT NULL COMMENT '是否查询字段',
  `query_type` varchar(200) DEFAULT NULL COMMENT '查询方式（等于、不等于、大于、小于、范围、左LIKE、右LIKE、左右LIKE）',
  `show_type` varchar(200) DEFAULT NULL COMMENT '字段生成方案（文本框、文本域、下拉框、复选框、单选框、字典选择、人员选择、部门选择、区域选择）',
  `dict_type` varchar(200) DEFAULT NULL COMMENT '字典类型',
  `settings` varchar(2000) DEFAULT NULL COMMENT '其它设置（扩展字段JSON）',
  `sort` decimal(10,0) DEFAULT NULL COMMENT '排序（升序）',
  `create_by` varchar(64) DEFAULT NULL COMMENT '创建者',
  `create_date` datetime DEFAULT NULL COMMENT '创建时间',
  `update_by` varchar(64) DEFAULT NULL COMMENT '更新者',
  `update_date` datetime DEFAULT NULL COMMENT '更新时间',
  `remarks` varchar(255) DEFAULT NULL COMMENT '备注信息',
  `del_flag` char(1) NOT NULL DEFAULT '0' COMMENT '删除标记（0：正常；1：删除）',
  PRIMARY KEY (`id`),
  KEY `gen_table_column_table_id` (`gen_table_id`),
  KEY `gen_table_column_name` (`name`),
  KEY `gen_table_column_sort` (`sort`),
  KEY `gen_table_column_del_flag` (`del_flag`)
) ENGINE=InnoDB DEFAULT CHARSET=utf8 COMMENT='业务表字段';
/*!40101 SET character_set_client = @saved_cs_client */;

--
-- Dumping data for table `gen_table_column`
--

LOCK TABLES `gen_table_column` WRITE;
/*!40000 ALTER TABLE `gen_table_column` DISABLE KEYS */;
INSERT INTO `gen_table_column` VALUES ('00bda58d1c07436c80084a6dccee4726','788a2643aad64ce2a4cea288ad4924c5','type','type','varchar(255)','String','type','0','0','0','0','1','0','=','input','',NULL,130,'1','2016-04-29 14:55:47','1','2016-04-29 16:38:05',NULL,'0'),('0856398b7e1641c8a62c8ae8eb1b99ad','788a2643aad64ce2a4cea288ad4924c5','annotations','annotations','varchar(255)','String','annotations','0','1','0','0','0','0','=','input','',NULL,20,'1','2016-04-29 14:55:47','1','2016-04-29 16:38:05',NULL,'0'),('0902a0cb3e8f434280c20e9d771d0658','aef6f1fc948f4c9ab1c1b780bc471cc2','sex','性别','char(1)','String','sex','0','1','1','1','1','1','=','radiobox','sex',NULL,6,'1','2013-08-12 13:10:05','1','2013-08-12 13:10:05',NULL,'0'),('0aabf248026d48b4b16f66daa4e80d88','788a2643aad64ce2a4cea288ad4924c5','text','text','longtext','String','text','0','1','1','1','0','0','=','textarea','',NULL,110,'1','2016-04-29 14:55:47','1','2016-04-29 16:38:05',NULL,'0'),('0d2b95b240724d2f8845a1261fa7f6d9','788a2643aad64ce2a4cea288ad4924c5','profile_id','profile_id','bigint(20)','Long','profileId','0','0','0','0','1','0','=','input','',NULL,150,'1','2016-04-29 14:55:47','1','2016-04-29 16:38:05',NULL,'0'),('103fc05c88ff40639875c2111881996a','aef6f1fc948f4c9ab1c1b780bc471cc2','create_date','创建时间','timestamp(6)','java.util.Date','createDate','0','0','1','0','0','0','=','dateselect',NULL,NULL,9,'1','2013-08-12 13:10:05','1','2013-08-12 13:10:05',NULL,'0'),('12fa38dd986e41908f7fefa5839d1220','6e05c389f3c6415ea34e55e9dfb28934','create_by','创建者','varchar2(64)','com.thinkgem.jeesite.modules.modules.sys.entity.User','createBy.id','0','0','1','0','0','0','=','input',NULL,NULL,4,'1','2013-08-12 13:10:05','1','2013-08-12 13:10:05',NULL,'0'),('195ee9241f954d008fe01625f4adbfef','f6e4dafaa72f4c509636484715f33a96','create_by','创建者','varchar2(64)','com.thinkgem.jeesite.modules.modules.sys.entity.User','createBy.id','0','0','1','0','0','0','=','input',NULL,NULL,6,'1','2013-08-12 13:10:05','1','2013-08-12 13:10:05',NULL,'0'),('19c6478b8ff54c60910c2e4fc3d27503','43d6d5acffa14c258340ce6765e46c6f','id','编号','varchar2(64)','String','id','1','0','1','0','0','0','=','input',NULL,NULL,1,'1','2013-08-12 13:10:05','1','2013-08-12 13:10:05',NULL,'0'),('1ac6562f753d4e599693840651ab2bf7','43d6d5acffa14c258340ce6765e46c6f','in_date','加入日期','date(7)','java.util.Date','inDate','0','1','1','1','0','0','=','dateselect',NULL,NULL,7,'1','2013-08-12 13:10:05','1','2013-08-12 13:10:05',NULL,'0'),('1b8eb55f65284fa6b0a5879b6d8ad3ec','aef6f1fc948f4c9ab1c1b780bc471cc2','in_date','加入日期','date(7)','java.util.Date','inDate','0','1','1','1','0','1','between','dateselect',NULL,NULL,7,'1','2013-08-12 13:10:05','1','2013-08-12 13:10:05',NULL,'0'),('1d5ca4d114be41e99f8dc42a682ba609','aef6f1fc948f4c9ab1c1b780bc471cc2','user_id','归属用户','varchar2(64)','com.thinkgem.jeesite.modules.modules.sys.entity.User','user.id|name','0','1','1','1','1','1','=','userselect',NULL,NULL,2,'1','2013-08-12 13:10:05','1','2013-08-12 13:10:05',NULL,'0'),('21756504ffdc487eb167a823f89c0c06','43d6d5acffa14c258340ce6765e46c6f','update_by','更新者','varchar2(64)','com.thinkgem.jeesite.modules.modules.sys.entity.User','updateBy.id','0','0','1','1','0','0','=','input',NULL,NULL,10,'1','2013-08-12 13:10:05','1','2013-08-12 13:10:05',NULL,'0'),('24bbdc0a555e4412a106ab1c5f03008e','f6e4dafaa72f4c509636484715f33a96','parent_ids','所有父级编号','varchar2(2000)','String','parentIds','0','0','1','1','0','0','like','input',NULL,NULL,3,'1','2013-08-12 13:10:05','1','2013-08-12 13:10:05',NULL,'0'),('302fc900179f486785926aefe2352937','1b7977d3840941abb20226c99e7c6d7a','id','id','bigint(20)','Long','id','1','0','1','0','0','0','=','input','',NULL,10,'1','2016-04-29 14:43:40','1','2016-04-29 14:43:40',NULL,'0'),('32e85b058de8417da5d03ea350032ae4','788a2643aad64ce2a4cea288ad4924c5','thumbnail_pic','thumbnail_pic','varchar(255)','String','thumbnailPic','0','0','0','0','0','0','=','input','',NULL,120,'1','2016-04-29 14:55:47','1','2016-04-29 16:38:05',NULL,'0'),('33152ce420904594b3eac796a27f0560','6e05c389f3c6415ea34e55e9dfb28934','id','编号','varchar2(64)','String','id','1','0','1','0','0','0','=','input',NULL,NULL,1,'1','2013-08-12 13:10:05','1','2013-08-12 13:10:05',NULL,'0'),('35af241859624a01917ab64c3f4f0813','aef6f1fc948f4c9ab1c1b780bc471cc2','del_flag','删除标记（0：正常；1：删除）','char(1)','String','delFlag','0','0','1','0','0','0','=','radiobox','del_flag',NULL,13,'1','2013-08-12 13:10:05','1','2013-08-12 13:10:05',NULL,'0'),('398b4a03f06940bfb979ca574e1911e3','aef6f1fc948f4c9ab1c1b780bc471cc2','create_by','创建者','varchar2(64)','com.thinkgem.jeesite.modules.modules.sys.entity.User','createBy.id','0','0','1','0','0','0','=','input',NULL,NULL,8,'1','2013-08-12 13:10:05','1','2013-08-12 13:10:05',NULL,'0'),('3a7cf23ae48a4c849ceb03feffc7a524','43d6d5acffa14c258340ce6765e46c6f','area_id','归属区域','nvarchar2(64)','com.thinkgem.jeesite.modules.modules.sys.entity.Area','area.id|name','0','1','1','1','0','0','=','areaselect',NULL,NULL,4,'1','2013-08-12 13:10:05','1','2013-08-12 13:10:05',NULL,'0'),('3b41c96b7f554883922377602ae237ac','788a2643aad64ce2a4cea288ad4924c5','summary','summary','longtext','String','summary','0','1','1','1','1','0','=','textarea','',NULL,170,'1','2016-04-29 14:55:47','1','2016-04-29 16:38:05',NULL,'0'),('3d458fce68b848eb90b0f94c7446866e','788a2643aad64ce2a4cea288ad4924c5','source','source','varchar(255)','String','source','0','1','1','1','1','1','=','input','',NULL,100,'1','2016-04-29 14:55:47','1','2016-04-29 16:38:05',NULL,'0'),('3d9c32865bb44e85af73381df0ffbf3d','43d6d5acffa14c258340ce6765e46c6f','update_date','更新时间','timestamp(6)','java.util.Date','updateDate','0','0','1','1','1','0','=','dateselect',NULL,NULL,11,'1','2013-08-12 13:10:05','1','2013-08-12 13:10:05',NULL,'0'),('416c76d2019b4f76a96d8dc3a8faf84c','f6e4dafaa72f4c509636484715f33a96','update_date','更新时间','timestamp(6)','java.util.Date','updateDate','0','0','1','1','1','0','=','dateselect',NULL,NULL,9,'1','2013-08-12 13:10:05','1','2013-08-12 13:10:05',NULL,'0'),('44cc011d15a5448b92dba7ec42c3b8a3','1b7977d3840941abb20226c99e7c6d7a','name','name','varchar(255)','String','name','0','1','1','1','1','1','like','input','',NULL,20,'1','2016-04-29 14:43:40','1','2016-04-29 14:43:40',NULL,'0'),('45b7af9a394548448e130bf3e5abc1bf','ab1df21d65d14055881e1b630aa3ec0a','title','title','varchar(200)','String','title','0','1','1','1','1','1','like','input','',NULL,50,'1','2016-05-05 16:49:50','1','2016-05-05 16:50:19',NULL,'0'),('46e6d8283270493687085d29efdecb05','f6e4dafaa72f4c509636484715f33a96','del_flag','删除标记（0：正常；1：删除）','char(1)','String','delFlag','0','0','1','0','0','0','=','radiobox','del_flag',NULL,11,'1','2013-08-12 13:10:05','1','2013-08-12 13:10:05',NULL,'0'),('4839cadd0d994678aaa96a0ab0561559','788a2643aad64ce2a4cea288ad4924c5','reposts_count','reposts_count','int(11)','String','repostsCount','0','0','0','0','0','0','=','input','',NULL,90,'1','2016-04-29 14:55:47','1','2016-04-29 16:38:05',NULL,'0'),('4a0a1fff86ca46519477d66b82e01991','aef6f1fc948f4c9ab1c1b780bc471cc2','name','名称','nvarchar2(100)','String','name','0','1','1','1','1','1','like','input',NULL,NULL,5,'1','2013-08-12 13:10:05','1','2013-08-12 13:10:05',NULL,'0'),('4c8ef12cb6924b9ba44048ba9913150b','43d6d5acffa14c258340ce6765e46c6f','create_date','创建时间','timestamp(6)','java.util.Date','createDate','0','0','1','0','0','0','=','dateselect',NULL,NULL,9,'1','2013-08-12 13:10:05','1','2013-08-12 13:10:05',NULL,'0'),('5047385f05f04a97b19d124d448d5cce','788a2643aad64ce2a4cea288ad4924c5','original_pic','original_pic','varchar(255)','String','originalPic','0','1','1','1','0','0','=','fileselect','',NULL,80,'1','2016-04-29 14:55:47','1','2016-04-29 16:38:05',NULL,'0'),('53d65a3d306d4fac9e561db9d3c66912','6e05c389f3c6415ea34e55e9dfb28934','del_flag','删除标记（0：正常；1：删除）','char(1)','String','delFlag','0','0','1','0','0','0','=','radiobox','del_flag',NULL,9,'1','2013-08-12 13:10:05','1','2013-08-12 13:10:05',NULL,'0'),('56fa71c0bd7e4132931874e548dc9ba5','6e05c389f3c6415ea34e55e9dfb28934','update_by','更新者','varchar2(64)','com.thinkgem.jeesite.modules.modules.sys.entity.User','updateBy.id','0','0','1','1','0','0','=','input',NULL,NULL,6,'1','2013-08-12 13:10:05','1','2013-08-12 13:10:05',NULL,'0'),('5a4a1933c9c844fdba99de043dc8205e','aef6f1fc948f4c9ab1c1b780bc471cc2','update_by','更新者','varchar2(64)','com.thinkgem.jeesite.modules.modules.sys.entity.User','updateBy.id','0','0','1','1','0','0','=','input',NULL,NULL,10,'1','2013-08-12 13:10:05','1','2013-08-12 13:10:05',NULL,'0'),('5e5c69bd3eaa4dcc9743f361f3771c08','aef6f1fc948f4c9ab1c1b780bc471cc2','id','编号','varchar2(64)','String','id','1','0','1','0','0','0','=','input',NULL,NULL,1,'1','2013-08-12 13:10:05','1','2013-08-12 13:10:05',NULL,'0'),('5f708c7047b1422db767500028c284b0','1b7977d3840941abb20226c99e7c6d7a','icon','icon','varchar(255)','String','icon','0','1','1','1','1','0','=','fileselect','',NULL,30,'1','2016-04-29 14:43:40','1','2016-04-29 14:43:40',NULL,'0'),('633f5a49ec974c099158e7b3e6bfa930','f6e4dafaa72f4c509636484715f33a96','name','名称','nvarchar2(100)','String','name','0','0','1','1','1','1','like','input',NULL,NULL,4,'1','2013-08-12 13:10:05','1','2013-08-12 13:10:05',NULL,'0'),('652491500f2641ffa7caf95a93e64d34','6e05c389f3c6415ea34e55e9dfb28934','update_date','更新时间','timestamp(6)','java.util.Date','updateDate','0','0','1','1','1','0','=','dateselect',NULL,NULL,7,'1','2013-08-12 13:10:05','1','2013-08-12 13:10:05',NULL,'0'),('6763ff6dc7cd4c668e76cf9b697d3ff6','f6e4dafaa72f4c509636484715f33a96','sort','排序','number(10)','Integer','sort','0','0','1','1','1','0','=','input',NULL,NULL,5,'1','2013-08-12 13:10:05','1','2013-08-12 13:10:05',NULL,'0'),('67d0331f809a48ee825602659f0778e8','43d6d5acffa14c258340ce6765e46c6f','name','名称','nvarchar2(100)','String','name','0','1','1','1','1','1','like','input',NULL,NULL,5,'1','2013-08-12 13:10:05','1','2013-08-12 13:10:05',NULL,'0'),('68345713bef3445c906f70e68f55de38','6e05c389f3c6415ea34e55e9dfb28934','test_data_main_id','业务主表','varchar2(64)','String','testDataMain.id','0','1','1','1','0','0','=','input',NULL,NULL,2,'1','2013-08-12 13:10:05','1','2013-08-12 13:10:05',NULL,'0'),('6b4eeea1039b462285d807ed77346918','ab1df21d65d14055881e1b630aa3ec0a','href','href','varchar(250)','String','href','0','1','1','1','1','0','=','input','',NULL,20,'1','2016-05-05 16:49:50','1','2016-05-05 16:50:19',NULL,'0'),('6fe4bcd176a3457ba84c3005e144af32','788a2643aad64ce2a4cea288ad4924c5','attacment','attacment','varchar(255)','String','attacment','0','1','1','1','0','0','=','fileselect','',NULL,30,'1','2016-04-29 14:55:47','1','2016-04-29 16:38:05',NULL,'0'),('71ea4bc10d274911b405f3165fc1bb1a','aef6f1fc948f4c9ab1c1b780bc471cc2','area_id','归属区域','nvarchar2(64)','com.thinkgem.jeesite.modules.modules.sys.entity.Area','area.id|name','0','1','1','1','1','1','=','areaselect',NULL,NULL,4,'1','2013-08-12 13:10:05','1','2013-08-12 13:10:05',NULL,'0'),('767a16320b5d463bbe31bd5ec37854ec','788a2643aad64ce2a4cea288ad4924c5','comments_count','comments_count','int(11)','String','commentsCount','0','0','0','0','1','0','=','input','',NULL,50,'1','2016-04-29 14:55:47','1','2016-04-29 16:38:05',NULL,'0'),('78c7368f57de45c0954a41a2500511cf','788a2643aad64ce2a4cea288ad4924c5','category_id','category_id','bigint(20)','Long','categoryId','0','1','1','1','1','1','=','select','',NULL,140,'1','2016-04-29 14:55:47','1','2016-04-29 16:38:05',NULL,'0'),('7e5f102dd6ce4d229435d83d20ff9ba2','0ed17fc7abc94f3086e967844a3e3473','content','content','longtext','String','content','0','1','1','1','1','0','=','textarea','',NULL,20,'1','2016-05-05 16:52:18','1','2016-05-05 16:52:18',NULL,'0'),('7f871058d94c4d9a89084be7c9ce806d','6e05c389f3c6415ea34e55e9dfb28934','remarks','备注信息','nvarchar2(255)','String','remarks','0','1','1','1','1','0','=','input',NULL,NULL,8,'1','2013-08-12 13:10:05','1','2013-08-12 13:10:05',NULL,'0'),('83ca6035701b40308c0b1ad5b62af306','0ed17fc7abc94f3086e967844a3e3473','tel','tel','varchar(20)','String','tel','0','1','1','1','1','0','=','input','',NULL,30,'1','2016-05-05 16:52:18','1','2016-05-05 16:52:18',NULL,'0'),('8b48774cfe184913b8b5eb17639cf12d','43d6d5acffa14c258340ce6765e46c6f','create_by','创建者','varchar2(64)','com.thinkgem.jeesite.modules.modules.sys.entity.User','createBy.id','0','0','1','0','0','0','=','input',NULL,NULL,8,'1','2013-08-12 13:10:05','1','2013-08-12 13:10:05',NULL,'0'),('8b7cf0525519474ebe1de9e587eb7067','6e05c389f3c6415ea34e55e9dfb28934','create_date','创建时间','timestamp(6)','java.util.Date','createDate','0','0','1','0','0','0','=','dateselect',NULL,NULL,5,'1','2013-08-12 13:10:05','1','2013-08-12 13:10:05',NULL,'0'),('8b9de88df53e485d8ef461c4b1824bc1','43d6d5acffa14c258340ce6765e46c6f','user_id','归属用户','varchar2(64)','com.thinkgem.jeesite.modules.modules.sys.entity.User','user.id|name','0','1','1','1','1','1','=','userselect',NULL,NULL,2,'1','2013-08-12 13:10:05','1','2013-08-12 13:10:05',NULL,'0'),('8da38dbe5fe54e9bb1f9682c27fbf403','aef6f1fc948f4c9ab1c1b780bc471cc2','remarks','备注信息','nvarchar2(255)','String','remarks','0','1','1','1','1','0','=','textarea',NULL,NULL,12,'1','2013-08-12 13:10:05','1','2013-08-12 13:10:05',NULL,'0'),('9022e13a2f1e4f6284c41e2cb5b752f1','0ed17fc7abc94f3086e967844a3e3473','id','id','bigint(20)','Long','id','1','0','0','0','0','0','=','input','',NULL,10,'1','2016-05-05 16:52:18','1','2016-05-05 16:52:18',NULL,'0'),('92481c16a0b94b0e8bba16c3c54eb1e4','f6e4dafaa72f4c509636484715f33a96','create_date','创建时间','timestamp(6)','java.util.Date','createDate','0','0','1','0','0','0','=','dateselect',NULL,NULL,7,'1','2013-08-12 13:10:05','1','2013-08-12 13:10:05',NULL,'0'),('92ba7e1ae6d94cc3afe03392309d479c','788a2643aad64ce2a4cea288ad4924c5','is_head','is_head','bit(1)','String','isHead','0','1','1','1','1','1','=','select','yes_no',NULL,160,'1','2016-04-29 14:55:47','1','2016-04-29 16:38:05',NULL,'0'),('9a012c1d2f934dbf996679adb7cc827a','f6e4dafaa72f4c509636484715f33a96','parent_id','父级编号','varchar2(64)','This','parent.id|name','0','0','1','1','0','0','=','treeselect',NULL,NULL,2,'1','2013-08-12 13:10:05','1','2013-08-12 13:10:05',NULL,'0'),('9b78c306249748e485049f6c0c61726a','ab1df21d65d14055881e1b630aa3ec0a','image','image','varchar(250)','String','image','0','1','1','1','1','0','=','fileselect','',NULL,30,'1','2016-05-05 16:49:50','1','2016-05-05 16:50:19',NULL,'0'),('a176d148fb0f4b6e8f2fe397f08b8e7c','788a2643aad64ce2a4cea288ad4924c5','attitudes_count','attitudes_count','int(11)','String','attitudesCount','0','0','0','0','1','0','=','input','',NULL,40,'1','2016-04-29 14:55:47','1','2016-04-29 16:38:05',NULL,'0'),('a62d0c263f7944efa98a6e2e41098b9d','0ed17fc7abc94f3086e967844a3e3473','title','title','varchar(255)','String','title','0','1','1','1','1','1','like','input','',NULL,40,'1','2016-05-05 16:52:18','1','2016-05-05 16:52:18',NULL,'0'),('a6b711118bef4386886f171e8714f235','788a2643aad64ce2a4cea288ad4924c5','top','top','int(11)','String','top','0','1','1','1','1','0','=','checkbox','yes_no',NULL,190,'1','2016-04-29 14:55:47','1','2016-04-29 16:38:05',NULL,'0'),('a9c568cad6054773aad2675531f344a5','788a2643aad64ce2a4cea288ad4924c5','created_date','created_date','datetime','java.util.Date','createdDate','0','1','1','0','1','0','=','dateselect','',NULL,60,'1','2016-04-29 14:55:47','1','2016-04-29 16:38:05',NULL,'0'),('ad3bf0d4b44b4528a5211a66af88f322','aef6f1fc948f4c9ab1c1b780bc471cc2','office_id','归属部门','varchar2(64)','com.thinkgem.jeesite.modules.modules.sys.entity.Office','office.id|name','0','1','1','1','1','1','=','officeselect',NULL,NULL,3,'1','2013-08-12 13:10:05','1','2013-08-12 13:10:05',NULL,'0'),('b8432d8083e34263b3118c8b9685fe83','ab1df21d65d14055881e1b630aa3ec0a','id','id','bigint(20)','Long','id','1','0','0','0','0','0','=','input','',NULL,10,'1','2016-05-05 16:49:50','1','2016-05-05 16:50:19',NULL,'0'),('bb1256a8d1b741f6936d8fed06f45eed','f6e4dafaa72f4c509636484715f33a96','update_by','更新者','varchar2(64)','com.thinkgem.jeesite.modules.modules.sys.entity.User','updateBy.id','0','0','1','1','0','0','=','input',NULL,NULL,8,'1','2013-08-12 13:10:05','1','2013-08-12 13:10:05',NULL,'0'),('c63194becef44a26bbf16e8046a0737e','ab1df21d65d14055881e1b630aa3ec0a','sort','sort','int(11)','String','sort','0','1','1','1','1','0','=','input','',NULL,40,'1','2016-05-05 16:49:50','1','2016-05-05 16:50:19',NULL,'0'),('ca68a2d403f0449cbaa1d54198c6f350','43d6d5acffa14c258340ce6765e46c6f','office_id','归属部门','varchar2(64)','com.thinkgem.jeesite.modules.modules.sys.entity.Office','office.id|name','0','1','1','1','0','0','=','officeselect',NULL,NULL,3,'1','2013-08-12 13:10:05','1','2013-08-12 13:10:05',NULL,'0'),('caaf7de1ddd841b3b4c647853b2cad88','788a2643aad64ce2a4cea288ad4924c5','id','id','bigint(20)','Long','id','1','0','1','0','0','0','=','input','',NULL,10,'1','2016-04-29 14:55:47','1','2016-04-29 16:38:05',NULL,'0'),('cb9c0ec3da26432d9cbac05ede0fd1d0','43d6d5acffa14c258340ce6765e46c6f','remarks','备注信息','nvarchar2(255)','String','remarks','0','1','1','1','1','0','=','textarea',NULL,NULL,12,'1','2013-08-12 13:10:05','1','2013-08-12 13:10:05',NULL,'0'),('cfcfa06ea61749c9b4c4dbc507e0e580','f6e4dafaa72f4c509636484715f33a96','id','编号','varchar2(64)','String','id','1','0','1','0','0','0','=','input',NULL,NULL,1,'1','2013-08-12 13:10:05','1','2013-08-12 13:10:05',NULL,'0'),('d5c2d932ae904aa8a9f9ef34cd36fb0b','43d6d5acffa14c258340ce6765e46c6f','sex','性别','char(1)','String','sex','0','1','1','1','0','1','=','select','sex',NULL,6,'1','2013-08-12 13:10:05','1','2013-08-12 13:10:05',NULL,'0'),('d6bbf1cc8697428ab4046ae2c069339e','788a2643aad64ce2a4cea288ad4924c5','middle_pic','middle_pic','varchar(255)','String','middlePic','0','1','1','1','0','0','=','input','',NULL,70,'1','2016-04-29 14:55:47','1','2016-04-29 16:38:05',NULL,'0'),('e64050a2ebf041faa16f12dda5dcf784','6e05c389f3c6415ea34e55e9dfb28934','name','名称','nvarchar2(100)','String','name','0','1','1','1','1','1','like','input',NULL,NULL,3,'1','2013-08-12 13:10:05','1','2013-08-12 13:10:05',NULL,'0'),('e7725ac216d740e980e2fbc076b59827','788a2643aad64ce2a4cea288ad4924c5','tags','tags','longtext','String','tags','0','1','1','1','0','0','=','input','',NULL,180,'1','2016-04-29 14:55:47','1','2016-04-29 16:38:05',NULL,'0'),('e8d11127952d4aa288bb3901fc83127f','43d6d5acffa14c258340ce6765e46c6f','del_flag','删除标记（0：正常；1：删除）','char(1)','String','delFlag','0','0','1','0','0','0','=','radiobox','del_flag',NULL,13,'1','2013-08-12 13:10:05','1','2013-08-12 13:10:05',NULL,'0'),('eb2e5afd13f147a990d30e68e7f64e12','aef6f1fc948f4c9ab1c1b780bc471cc2','update_date','更新时间','timestamp(6)','java.util.Date','updateDate','0','0','1','1','1','0','=','dateselect',NULL,NULL,11,'1','2013-08-12 13:10:05','1','2013-08-12 13:10:05',NULL,'0'),('f5ed8c82bad0413fbfcccefa95931358','f6e4dafaa72f4c509636484715f33a96','remarks','备注信息','nvarchar2(255)','String','remarks','0','1','1','1','1','0','=','textarea',NULL,NULL,10,'1','2013-08-12 13:10:05','1','2013-08-12 13:10:05',NULL,'0');
/*!40000 ALTER TABLE `gen_table_column` ENABLE KEYS */;
UNLOCK TABLES;

--
-- Table structure for table `gen_template`
--

DROP TABLE IF EXISTS `gen_template`;
/*!40101 SET @saved_cs_client     = @@character_set_client */;
/*!40101 SET character_set_client = utf8 */;
CREATE TABLE `gen_template` (
  `id` varchar(64) NOT NULL COMMENT '编号',
  `name` varchar(200) DEFAULT NULL COMMENT '名称',
  `category` varchar(2000) DEFAULT NULL COMMENT '分类',
  `file_path` varchar(500) DEFAULT NULL COMMENT '生成文件路径',
  `file_name` varchar(200) DEFAULT NULL COMMENT '生成文件名',
  `content` text COMMENT '内容',
  `create_by` varchar(64) DEFAULT NULL COMMENT '创建者',
  `create_date` datetime DEFAULT NULL COMMENT '创建时间',
  `update_by` varchar(64) DEFAULT NULL COMMENT '更新者',
  `update_date` datetime DEFAULT NULL COMMENT '更新时间',
  `remarks` varchar(255) DEFAULT NULL COMMENT '备注信息',
  `del_flag` char(1) NOT NULL DEFAULT '0' COMMENT '删除标记（0：正常；1：删除）',
  PRIMARY KEY (`id`),
  KEY `gen_template_del_falg` (`del_flag`)
) ENGINE=InnoDB DEFAULT CHARSET=utf8 COMMENT='代码模板表';
/*!40101 SET character_set_client = @saved_cs_client */;

--
-- Dumping data for table `gen_template`
--

LOCK TABLES `gen_template` WRITE;
/*!40000 ALTER TABLE `gen_template` DISABLE KEYS */;
/*!40000 ALTER TABLE `gen_template` ENABLE KEYS */;
UNLOCK TABLES;
/*!40103 SET TIME_ZONE=@OLD_TIME_ZONE */;

/*!40101 SET SQL_MODE=@OLD_SQL_MODE */;
/*!40014 SET FOREIGN_KEY_CHECKS=@OLD_FOREIGN_KEY_CHECKS */;
/*!40014 SET UNIQUE_CHECKS=@OLD_UNIQUE_CHECKS */;
/*!40101 SET CHARACTER_SET_CLIENT=@OLD_CHARACTER_SET_CLIENT */;
/*!40101 SET CHARACTER_SET_RESULTS=@OLD_CHARACTER_SET_RESULTS */;
/*!40101 SET COLLATION_CONNECTION=@OLD_COLLATION_CONNECTION */;
/*!40111 SET SQL_NOTES=@OLD_SQL_NOTES */;

-- Dump completed on 2016-05-05 17:47:59
